episode_reward_max,episode_reward_min,episode_reward_mean,episode_len_mean,episodes_this_iter,timesteps_this_iter,done,timesteps_total,episodes_total,training_iteration,experiment_id,date,timestamp,time_this_iter_s,time_total_s,pid,hostname,node_ip,time_since_restore,timesteps_since_restore,iterations_since_restore,num_healthy_workers,trial_id,experiment_tag,sampler_perf/mean_env_wait_ms,sampler_perf/mean_processing_ms,sampler_perf/mean_inference_ms,info/num_steps_trained,info/num_steps_sampled,info/sample_time_ms,info/load_time_ms,info/grad_time_ms,info/update_time_ms,perf/cpu_util_percent,perf/ram_util_percent,info/learner/default_policy/cur_kl_coeff,info/learner/default_policy/cur_lr,info/learner/default_policy/total_loss,info/learner/default_policy/policy_loss,info/learner/default_policy/vf_loss,info/learner/default_policy/vf_explained_var,info/learner/default_policy/kl,info/learner/default_policy/entropy,info/learner/default_policy/entropy_coeff
-340.74704901679314,-405.80007933686574,-373.7620990264845,400.0,61,25200,False,25200,61,1,774b24d199954f7685399f3f1314ee19,2020-12-01_01-23-34,1606766014,189.29423141479492,189.29423141479492,9587,Rambo,192.168.1.15,189.29423141479492,25200,1,5,42ffd60e,0,30.377174242908833,3.298683669583569,1.630254798147135,25088,25200,182427.946,402.59,5132.509,1244.828,69.05461254612547,55.45129151291513,0.20000000298023224,4.999999873689376e-05,585.99835,-0.008019196,586.0054,-6.7480973e-06,0.0049333605,12.783527,0.0
-322.29304128829136,-406.76029042355873,-373.3429792400369,400.0,65,25200,False,50400,126,2,774b24d199954f7685399f3f1314ee19,2020-12-01_01-27-06,1606766226,211.38883566856384,400.68306708335876,9587,Rambo,192.168.1.15,400.68306708335876,50400,2,5,42ffd60e,0,31.871434688735736,3.429331774526016,1.6882261547495916,50176,50400,195096.728,235.799,4332.476,625.031,70.34385382059801,59.53421926910298,0.10000000149011612,4.999999873689376e-05,582.69196,-0.009915331,582.701,-9.935121e-07,0.0083396165,12.725023,0.0
-334.9189028073335,-406.26923732844165,-370.3577292113945,400.0,61,25200,False,75600,187,3,774b24d199954f7685399f3f1314ee19,2020-12-01_01-30-48,1606766448,222.36337065696716,623.0464377403259,9587,Rambo,192.168.1.15,623.0464377403259,75600,3,5,42ffd60e,0,33.40812186421207,3.482385877245479,1.7503950527366532,75264,75600,201900.762,193.845,5128.04,419.646,71.69337539432178,59.841955835962146,0.05000000074505806,4.999999873689376e-05,567.04834,-0.009829432,567.05774,-3.022807e-07,0.008495177,12.667632,0.0
-334.9189028073335,-399.26315951229026,-366.7066482579113,400.0,65,25200,False,100800,252,4,774b24d199954f7685399f3f1314ee19,2020-12-01_01-34-14,1606766654,205.36891889572144,828.4153566360474,9587,Rambo,192.168.1.15,828.4153566360474,100800,4,5,42ffd60e,0,33.87687370811565,3.4930247687765394,1.7612197242124454,100352,100800,201053.06,183.666,5515.032,317.149,70.17440273037542,64.31501706484643,0.02500000037252903,4.999999873689376e-05,542.5518,-0.0117997,542.5634,-7.663454e-08,0.008340922,12.666056,0.0
-334.5383785686899,-399.26315951229026,-366.37544187388266,400.0,61,25200,False,126000,313,5,774b24d199954f7685399f3f1314ee19,2020-12-01_01-37-53,1606766873,218.94753289222717,1047.3628895282745,9587,Rambo,192.168.1.15,1047.3628895282745,126000,5,5,42ffd60e,0,34.12869147435858,3.5026375213859477,1.7666960359781598,125440,126000,203344.243,170.418,5671.457,255.424,70.23942307692307,59.530448717948715,0.012500000186264515,4.999999873689376e-05,540.8929,-0.0099020535,540.9028,-4.0446007e-08,0.0071166176,12.616654,0.0
-321.5464959958821,-415.97955182600776,-362.95138753915336,400.0,65,25200,False,151200,378,6,774b24d199954f7685399f3f1314ee19,2020-12-01_01-41-29,1606767089,216.85322284698486,1264.2161123752594,9587,Rambo,192.168.1.15,1264.2161123752594,151200,6,5,42ffd60e,0,34.41653229065707,3.523364558640974,1.779790603092335,150528,151200,204528.738,156.212,5774.817,214.288,70.3858064516129,59.761290322580656,0.0062500000931322575,4.999999873689376e-05,518.86194,-0.0130245695,518.8749,-2.1591479e-08,0.0119645195,12.610072,0.0
-323.44200601749907,-397.42417139945525,-361.41701948728956,400.0,61,25200,False,176400,439,7,774b24d199954f7685399f3f1314ee19,2020-12-01_01-45-25,1606767325,235.65371823310852,1499.869830608368,9587,Rambo,192.168.1.15,1499.869830608368,176400,7,5,42ffd60e,0,34.79626986438003,3.6094582180037036,1.8014057097022098,175616,176400,208024.325,151.742,5852.83,185.068,73.08392857142857,61.19583333333334,0.0062500000931322575,4.999999873689376e-05,514.7799,-0.012244092,514.7921,-9.12316e-09,0.011506984,12.596785,0.0
-320.4157627479246,-402.16025632418194,-361.88751409579277,400.0,65,25200,False,201600,504,8,774b24d199954f7685399f3f1314ee19,2020-12-01_01-49-04,1606767544,218.39065957069397,1718.260490179062,9587,Rambo,192.168.1.15,1718.260490179062,201600,8,5,42ffd60e,0,35.047014163792255,3.663553619315438,1.8142956189419852,200704,201600,208515.851,143.567,5911.308,163.155,70.19485530546625,59.26173633440515,0.0062500000931322575,4.999999873689376e-05,508.16055,-0.011132598,508.17163,-2.1287374e-09,0.010438389,12.482763,0.0
-320.4157627479246,-400.8585332826398,-361.86152345051335,400.0,61,25200,False,226800,565,9,774b24d199954f7685399f3f1314ee19,2020-12-01_01-52-45,1606767765,221.00591707229614,1939.266407251358,9587,Rambo,192.168.1.15,1939.266407251358,226800,9,5,42ffd60e,0,35.14293882540409,3.653821733455577,1.8179472093487499,225792,226800,209184.93,141.068,5956.519,146.191,70.06190476190476,59.46984126984127,0.0062500000931322575,4.999999873689376e-05,503.09454,-0.01149824,503.10596,-9.12316e-10,0.011838445,12.463489,0.0
-330.4621344605789,-407.9365084355053,-359.1971647255416,400.0,65,25200,False,252000,630,10,774b24d199954f7685399f3f1314ee19,2020-12-01_01-56-24,1606767984,219.79819226264954,2159.0645995140076,9587,Rambo,192.168.1.15,2159.0645995140076,252000,10,5,42ffd60e,0,35.25112593042954,3.6497698883209604,1.8226828937567496,250880,252000,209601.746,138.569,5991.139,132.414,70.96337579617834,60.42356687898088,0.0062500000931322575,4.999999873689376e-05,490.51904,-0.013040446,490.53204,5.169791e-09,0.012455356,12.498109,0.0
-330.6473377111229,-407.73357499506807,-358.2715585105836,400.0,61,25200,False,277200,691,11,774b24d199954f7685399f3f1314ee19,2020-12-01_02-00-00,1606768200,215.9176468849182,2374.982246398926,9587,Rambo,192.168.1.15,2374.982246398926,277200,11,5,42ffd60e,0,35.341379343325286,3.644584528897292,1.825641834634174,275968,277200,212654.705,110.731,5759.565,8.838,73.29902597402597,62.57564935064935,0.0062500000931322575,4.999999873689376e-05,493.9249,-0.013221529,493.93805,-3.0410534e-09,0.010770269,12.5247755,0.0
-308.79338879572,-407.73357499506807,-355.3551615230451,400.0,65,25200,False,302400,756,12,774b24d199954f7685399f3f1314ee19,2020-12-01_02-03-16,1606768396,195.33322668075562,2570.3154730796814,9587,Rambo,192.168.1.15,2570.3154730796814,302400,12,5,42ffd60e,0,35.21143994516565,3.6380493877623588,1.8126595528275857,301056,302400,211085.542,116.09,5718.473,8.74,66.31654676258992,62.72805755395684,0.0062500000931322575,4.999999873689376e-05,477.6262,-0.014341709,477.64047,-6.0821065e-10,0.01296596,12.454047,0.0
-316.9053408828187,-391.77461781547805,-354.7358755733014,400.0,61,25200,False,327600,817,13,774b24d199954f7685399f3f1314ee19,2020-12-01_02-06-31,1606768591,195.3127224445343,2765.6281955242157,9587,Rambo,192.168.1.15,2765.6281955242157,327600,13,5,42ffd60e,0,34.98601560391226,3.624867179379763,1.7945586379382947,326144,327600,208735.632,117.471,5362.933,8.299,65.89784946236558,62.76451612903225,0.0062500000931322575,4.999999873689376e-05,479.83856,-0.012475765,479.85092,-8.210844e-09,0.010826235,12.41611,0.0
-305.6980670748826,-397.1783425245664,-351.46739149363253,400.0,65,25200,False,352800,882,14,774b24d199954f7685399f3f1314ee19,2020-12-01_02-09-47,1606768787,195.59261631965637,2961.220811843872,9587,Rambo,192.168.1.15,2961.220811843872,352800,14,5,42ffd60e,0,34.77679657773168,3.615292399151497,1.7780794255890293,351232,352800,207981.82,114.849,5143.256,7.748,65.8483870967742,62.993189964157715,0.0062500000931322575,4.999999873689376e-05,465.5622,-0.01363599,465.57574,-1.5205267e-09,0.013493987,12.346839,0.0
-317.04204544695983,-393.50452327268897,-351.982581117093,400.0,61,25200,False,378000,943,15,774b24d199954f7685399f3f1314ee19,2020-12-01_02-13-02,1606768982,195.25994038581848,3156.4807522296906,9587,Rambo,192.168.1.15,3156.4807522296906,378000,15,5,42ffd60e,0,34.619453958126925,3.603410594347756,1.7653981192577752,376320,378000,205984.186,110.659,4777.296,7.319,66.03512544802867,63.159856630824365,0.0062500000931322575,4.999999873689376e-05,474.03882,-0.013554544,474.0523,-9.12316e-09,0.011447386,12.270224,0.0
-312.1165356030165,-393.50452327268897,-349.35903828770824,400.0,65,25200,False,403200,1008,16,774b24d199954f7685399f3f1314ee19,2020-12-01_02-16-15,1606769175,193.4195408821106,3349.900293111801,9587,Rambo,192.168.1.15,3349.900293111801,403200,16,5,42ffd60e,0,34.44902449896405,3.59661382871979,1.7519202236636304,401408,403200,203947.942,114.76,4467.119,6.872,65.92545454545454,63.35745454545456,0.0062500000931322575,4.999999873689376e-05,474.40237,-0.013477153,474.41574,-1.3380634e-08,0.012649612,12.17826,0.0
-312.1165356030165,-405.3757183325919,-348.950988763283,400.0,61,25200,False,428400,1069,17,774b24d199954f7685399f3f1314ee19,2020-12-01_02-19-31,1606769371,195.79286003112793,3545.693153142929,9587,Rambo,192.168.1.15,3545.693153142929,428400,17,5,42ffd60e,0,34.304929133914456,3.5878520384016146,1.7409983761182468,426496,428400,200065.833,115.414,4381.851,6.329,65.44142857142857,63.517142857142865,0.0062500000931322575,4.999999873689376e-05,477.97177,-0.015396787,477.9871,0.0,0.014492682,12.100985,0.0
-313.88108242838183,-375.65798166497626,-347.50907162601396,400.0,65,25200,False,453600,1134,18,774b24d199954f7685399f3f1314ee19,2020-12-01_02-22-45,1606769565,194.17986536026,3739.873018503189,9587,Rambo,192.168.1.15,3739.873018503189,453600,18,5,42ffd60e,0,34.15671838973317,3.5822933994321433,1.7299644209650342,451584,453600,197843.1,119.261,4180.891,5.797,65.51841155234656,63.70613718411552,0.0062500000931322575,4.999999873689376e-05,476.015,-0.013339761,476.0283,-1.3380634e-08,0.013294314,12.058025,0.0
-318.5982632719777,-379.14440520069246,-348.636607910115,400.0,61,25200,False,478800,1195,19,774b24d199954f7685399f3f1314ee19,2020-12-01_02-26-00,1606769760,194.2751235961914,3934.1481420993805,9587,Rambo,192.168.1.15,3934.1481420993805,478800,19,5,42ffd60e,0,34.03700679598047,3.57498593140136,1.7210523968850884,476672,478800,195368.114,119.498,3984.068,5.109,65.74404332129964,63.898194945848374,0.0062500000931322575,4.999999873689376e-05,488.76288,-0.012112264,488.77496,-8.51495e-09,0.012059168,11.928057,0.0
-316.20711448989573,-381.7579179338365,-345.36966266789705,400.0,65,25200,False,504000,1260,20,774b24d199954f7685399f3f1314ee19,2020-12-01_02-29-11,1606769951,191.6200602054596,4125.76820230484,9587,Rambo,192.168.1.15,4125.76820230484,504000,20,5,42ffd60e,0,33.921775609641216,3.571023958798564,1.7121572863270023,501760,504000,192926.854,114.913,3613.406,4.636,66.1117216117216,64.07985347985348,0.0062500000931322575,4.999999873689376e-05,482.3935,-0.011839188,482.4052,-2.736948e-09,0.012141336,11.756961,0.0
-309.5153127185849,-380.9098839199982,-340.7099360160485,400.0,61,25200,False,529200,1321,21,774b24d199954f7685399f3f1314ee19,2020-12-01_02-32-24,1606770144,193.07094860076904,4318.839150905609,9587,Rambo,192.168.1.15,4318.839150905609,529200,21,5,42ffd60e,0,33.82221010638657,3.5656835933138518,1.7047914012254517,526848,529200,190627.987,114.172,3628.067,4.202,65.78436363636362,64.2429090909091,0.0062500000931322575,4.999999873689376e-05,479.46988,-0.015250461,479.48502,-1.5205267e-09,0.014274551,11.768134,0.0
-303.6208731286584,-376.10290328720845,-341.86548069372344,400.0,65,25200,False,554400,1386,22,774b24d199954f7685399f3f1314ee19,2020-12-01_02-35-39,1606770339,194.46611380577087,4513.30526471138,9587,Rambo,192.168.1.15,4513.30526471138,554400,22,5,42ffd60e,0,33.73998291303504,3.5628197569754274,1.6985323837557809,551936,554400,190483.879,113.491,3685.868,4.543,65.83992805755396,64.4208633093525,0.0062500000931322575,4.999999873689376e-05,489.6345,-0.012406473,489.64676,6.0821065e-10,0.01339909,11.618237,0.0
-303.6714376634843,-373.17083094160796,-341.3554297277576,400.0,61,25200,False,579600,1447,23,774b24d199954f7685399f3f1314ee19,2020-12-01_02-38-54,1606770534,195.34913897514343,4708.654403686523,9587,Rambo,192.168.1.15,4708.654403686523,579600,23,5,42ffd60e,0,33.671984549283,3.558854745440477,1.6932247249228058,577024,579600,190458.454,112.502,3716.095,4.496,65.55863309352519,64.5654676258993,0.0062500000931322575,4.999999873689376e-05,498.11337,-0.013413619,498.12668,-9.12316e-10,0.013593204,11.57694,0.0
-308.18998122209797,-374.51169783751584,-342.251612704348,400.0,65,25200,False,604800,1512,24,774b24d199954f7685399f3f1314ee19,2020-12-01_02-42-09,1606770729,194.79822301864624,4903.45262670517,9587,Rambo,192.168.1.15,4903.45262670517,604800,24,5,42ffd60e,0,33.605908559779806,3.5562801690272057,1.6879374884481642,602112,604800,190509.299,109.435,3588.159,4.472,65.93129496402878,64.7388489208633,0.0062500000931322575,4.999999873689376e-05,520.6535,-0.013500549,520.66693,-1.5205267e-09,0.013424791,11.553014,0.0
-308.18998122209797,-394.8275441189061,-343.15495154539633,400.0,61,25200,False,630000,1573,25,774b24d199954f7685399f3f1314ee19,2020-12-01_02-45-23,1606770923,194.33964824676514,5097.792274951935,9587,Rambo,192.168.1.15,5097.792274951935,630000,25,5,42ffd60e,0,33.54546191363629,3.5520289238812186,1.6833318942684814,627200,630000,190120.261,113.811,3879.541,4.909,65.67589928057555,65.06115107913669,0.0062500000931322575,4.999999873689376e-05,522.3906,-0.01521387,522.4057,-9.12316e-10,0.017235905,11.605741,0.0
-314.3418563573666,-371.6607522191943,-342.48346919073776,400.0,65,25200,False,655200,1638,26,774b24d199954f7685399f3f1314ee19,2020-12-01_02-48-37,1606771117,193.87941694259644,5291.671691894531,9587,Rambo,192.168.1.15,5291.671691894531,655200,26,5,42ffd60e,0,33.48213153362764,3.5497790184163485,1.6784014611219618,652288,655200,190122.512,114.021,3922.644,5.362,66.00326086956522,65.29710144927536,0.0062500000931322575,4.999999873689376e-05,540.0172,-0.013398663,540.0305,-5.778001e-09,0.013515183,11.489315,0.0
-316.91483213212973,-376.1563830704319,-343.6231920173557,400.0,61,25200,False,680400,1699,27,774b24d199954f7685399f3f1314ee19,2020-12-01_02-51-52,1606771312,194.73055863380432,5486.402250528336,9587,Rambo,192.168.1.15,5486.402250528336,680400,27,5,42ffd60e,0,33.43340585284902,3.546486438207411,1.674503843379686,677376,680400,190268.057,112.174,3672.251,5.303,65.44028776978416,65.46546762589928,0.0062500000931322575,4.999999873689376e-05,560.9805,-0.017267497,560.9976,-6.690317e-09,0.018051645,11.537891,0.0
-321.86269620676836,-389.4069904241399,-347.9562713109254,400.0,65,25200,False,705600,1764,28,774b24d199954f7685399f3f1314ee19,2020-12-01_02-55-07,1606771507,194.958801984787,5681.361052513123,9587,Rambo,192.168.1.15,5681.361052513123,705600,28,5,42ffd60e,0,33.38604586191107,3.5452262029325765,1.6704766202846644,702464,705600,190487.695,106.388,3535.332,5.542,66.08129496402877,65.68776978417264,0.0062500000931322575,4.999999873689376e-05,592.3236,-0.0151876565,592.33875,-8.210844e-09,0.014146189,11.425383,0.0
-313.8172396746067,-385.989484550239,-347.29079674575735,400.0,61,25200,False,730800,1825,29,774b24d199954f7685399f3f1314ee19,2020-12-01_02-58-23,1606771703,195.61678743362427,5876.977839946747,9587,Rambo,192.168.1.15,5876.977839946747,730800,29,5,42ffd60e,0,33.339971468771225,3.5421199196019346,1.6668741081500105,727552,730800,190504.878,105.517,3651.97,5.923,65.46917562724015,65.8347670250896,0.0062500000931322575,4.999999873689376e-05,584.9488,-0.016491603,584.9653,-6.386212e-09,0.016248044,11.398781,0.0
-313.44109102400125,-384.1897084216515,-343.9317508647023,400.0,65,25200,False,756000,1890,30,774b24d199954f7685399f3f1314ee19,2020-12-01_03-01-36,1606771896,193.38025856018066,6070.3580985069275,9587,Rambo,192.168.1.15,6070.3580985069275,756000,30,5,42ffd60e,0,33.29558958118598,3.5406706777116916,1.6634519799175254,752640,756000,190677.068,105.259,3655.668,6.28,66.0126811594203,66.0018115942029,0.0062500000931322575,4.999999873689376e-05,605.9719,-0.015278044,605.98706,-6.082107e-09,0.015448539,11.287798,0.0
-313.44109102400125,-385.4099932818644,-346.6415910554616,400.0,61,25200,False,781200,1951,31,774b24d199954f7685399f3f1314ee19,2020-12-01_03-04-52,1606772092,195.6789526939392,6266.037051200867,9587,Rambo,192.168.1.15,6266.037051200867,781200,31,5,42ffd60e,0,33.25514966041299,3.5377078896777387,1.6603145060821476,777728,781200,190696.689,105.251,3897.508,6.181,65.40931899641576,66.15125448028672,0.0062500000931322575,4.999999873689376e-05,627.52136,-0.015993861,627.5373,-3.649264e-09,0.015579754,11.30549,0.0
-306.4124159396755,-390.01025514187745,-344.1357143770882,400.0,65,25200,False,806400,2016,32,774b24d199954f7685399f3f1314ee19,2020-12-01_03-08-04,1606772284,192.07178139686584,6458.1088325977325,9587,Rambo,192.168.1.15,6458.1088325977325,806400,32,5,42ffd60e,0,33.20895488911719,3.5354690986333317,1.6567032499083145,802816,806400,190380.927,101.33,3977.457,5.798,66.16970802919708,66.32737226277372,0.0062500000931322575,4.999999873689376e-05,646.1679,-0.015748948,646.1836,-3.0410534e-09,0.014653396,11.169713,0.0
-306.4124159396755,-390.01025514187745,-343.78263538821477,400.0,61,25200,False,831600,2077,33,774b24d199954f7685399f3f1314ee19,2020-12-01_03-11-16,1606772476,192.39216780662537,6650.501000404358,9587,Rambo,192.168.1.15,6650.501000404358,831600,33,5,42ffd60e,0,33.16838063221039,3.533063235971996,1.653797548105141,827904,831600,190136.447,101.423,3924.905,6.231,65.85328467153285,66.49014598540145,0.0062500000931322575,4.999999873689376e-05,647.9303,-0.015035061,647.94525,-5.473896e-09,0.015072813,11.304501,0.0
-301.51713243778755,-379.05081761463333,-341.46164466524095,400.0,65,25200,False,856800,2142,34,774b24d199954f7685399f3f1314ee19,2020-12-01_03-14-29,1606772669,193.06270289421082,6843.563703298569,9587,Rambo,192.168.1.15,6843.563703298569,856800,34,5,42ffd60e,0,33.13167899671248,3.5310440344720115,1.6510587085948516,852992,856800,189893.85,105.883,3989.906,6.567,66.11521739130436,66.6572463768116,0.0062500000931322575,4.999999873689376e-05,683.45166,-0.016308201,683.4679,-2.1287374e-09,0.017455567,11.047915,0.0
-308.72639760787985,-377.6699601777178,-342.0476932210594,400.0,61,25200,False,882000,2203,35,774b24d199954f7685399f3f1314ee19,2020-12-01_03-17-42,1606772862,192.46606492996216,7036.029768228531,9587,Rambo,192.168.1.15,7036.029768228531,882000,35,5,42ffd60e,0,33.10187071764204,3.528566701775988,1.648805371909944,878080,882000,189961.772,100.53,3740.631,6.09,65.86861313868613,66.81569343065694,0.0062500000931322575,4.999999873689376e-05,688.0098,-0.015008423,688.0247,-1.824632e-09,0.014311564,11.104056,0.0
-314.5850689174506,-379.20354113502174,-345.4999183618891,400.0,65,25200,False,907200,2268,36,774b24d199954f7685399f3f1314ee19,2020-12-01_03-20-57,1606773057,194.96558690071106,7230.995355129242,9587,Rambo,192.168.1.15,7230.995355129242,907200,36,5,42ffd60e,0,33.066206816820184,3.5278408490204622,1.6461132859099754,903168,907200,189858.434,99.936,3952.564,5.975,65.87374100719425,67.0021582733813,0.0062500000931322575,4.999999873689376e-05,727.2969,-0.016961826,727.3137,2.1287374e-09,0.017158685,10.926127,0.0
-308.4140554894069,-396.4115470737777,-343.24509341950085,400.0,61,25200,False,932400,2329,37,774b24d199954f7685399f3f1314ee19,2020-12-01_03-24-08,1606773248,191.53679966926575,7422.532154798508,9587,Rambo,192.168.1.15,7422.532154798508,932400,37,5,42ffd60e,0,33.03768974565166,3.5258698224954004,1.6438880095379524,928256,932400,189582.003,96.335,3913.609,6.393,65.83357664233577,67.17299270072994,0.0062500000931322575,4.999999873689376e-05,723.7213,-0.016517656,723.73773,-4.865685e-09,0.016870193,11.031446,0.0
-310.73204299273397,-396.4115470737777,-341.45909860950474,400.0,65,25200,False,957600,2394,38,774b24d199954f7685399f3f1314ee19,2020-12-01_03-27-22,1606773442,194.11914443969727,7616.651299238205,9587,Rambo,192.168.1.15,7616.651299238205,957600,38,5,42ffd60e,0,33.01227772588905,3.525058255982178,1.6417314200201552,953344,957600,189535.218,96.217,3877.563,6.164,65.97184115523464,67.29927797833936,0.0062500000931322575,4.999999873689376e-05,771.6368,-0.015616845,771.65234,-5.169791e-09,0.01614532,10.745393,0.0
-312.7089572748933,-378.7451687172814,-336.8498732009413,400.0,61,25200,False,982800,2455,39,774b24d199954f7685399f3f1314ee19,2020-12-01_03-30-39,1606773639,196.20274448394775,7812.854043722153,9587,Rambo,192.168.1.15,7812.854043722153,982800,39,5,42ffd60e,0,32.99209130229177,3.5233507883711632,1.6400929251718173,978432,982800,189610.506,100.244,3857.976,5.873,65.51648745519712,67.50322580645162,0.0062500000931322575,4.999999873689376e-05,757.3091,-0.015795613,757.3247,-1.0643687e-08,0.018183285,10.74788,0.0
-309.49541164147814,-369.1715637272921,-336.48223278902486,400.0,65,25200,False,1008000,2520,40,774b24d199954f7685399f3f1314ee19,2020-12-01_03-33-52,1606773832,193.44942784309387,8006.303471565247,9587,Rambo,192.168.1.15,8006.303471565247,1008000,40,5,42ffd60e,0,32.95740638224857,3.522682930249879,1.6376516912276748,1003520,1008000,189409.298,104.628,4061.956,5.604,65.46413043478262,67.52789855072463,0.0062500000931322575,4.999999873689376e-05,820.38055,-0.015949436,820.39636,-1.5205267e-09,0.016065994,10.706135,0.0
-299.7303431321048,-371.72209887558665,-339.4579249936869,400.0,61,25200,False,1033200,2581,41,774b24d199954f7685399f3f1314ee19,2020-12-01_03-37-06,1606774026,193.4967803955078,8199.800251960754,9587,Rambo,192.168.1.15,8199.800251960754,1033200,41,5,42ffd60e,0,32.93509700568668,3.5210788809875906,1.6360544222174054,1028608,1033200,189419.827,106.812,3831.095,5.743,66.04565217391304,67.77028985507246,0.0062500000931322575,4.999999873689376e-05,814.0581,-0.015953925,814.074,-7.298528e-09,0.015024621,10.700766,0.0
-302.26404136386,-391.001390400671,-342.7003454372365,400.0,65,25200,False,1058400,2646,42,774b24d199954f7685399f3f1314ee19,2020-12-01_03-40-20,1606774220,194.73971962928772,8394.539971590042,9587,Rambo,192.168.1.15,8394.539971590042,1058400,42,5,42ffd60e,0,32.90837095104741,3.520800893422794,1.6340908976692738,1053696,1058400,189580.893,110.05,3933.521,5.746,65.93812949640288,67.50071942446043,0.0062500000931322575,4.999999873689376e-05,882.9316,-0.017509924,882.949,-1.0643687e-08,0.019009503,10.531382,0.0
-312.7855261104792,-391.001390400671,-340.5364171058515,400.0,61,25200,False,1083600,2707,43,774b24d199954f7685399f3f1314ee19,2020-12-01_03-43-35,1606774415,194.48411464691162,8589.024086236954,9587,Rambo,192.168.1.15,8589.024086236954,1083600,43,5,42ffd60e,0,32.889087898457355,3.518368508811559,1.6325012975927269,1078784,1083600,189721.513,109.677,4003.322,5.733,65.66223021582734,66.74928057553957,0.0062500000931322575,4.999999873689376e-05,864.9615,-0.016518956,864.9779,3.0410532e-10,0.016479746,10.5205555,0.0
-311.19593028213075,-373.05713076467026,-336.53297592911593,400.0,65,25200,False,1108800,2772,44,774b24d199954f7685399f3f1314ee19,2020-12-01_03-46-48,1606774608,193.45789051055908,8782.481976747513,9587,Rambo,192.168.1.15,8782.481976747513,1108800,44,5,42ffd60e,0,32.86332010056082,3.5182664257139957,1.630513096444843,1103872,1108800,189897.647,103.936,3872.71,5.42,65.92327272727273,66.9410909090909,0.0062500000931322575,4.999999873689376e-05,914.717,-0.016938843,914.73376,5.473896e-09,0.01589137,10.533466,0.0
-301.66093849093903,-373.05713076467026,-337.47028214614335,400.0,61,25200,False,1134000,2833,45,774b24d199954f7685399f3f1314ee19,2020-12-01_03-50-03,1606774803,194.80518627166748,8977.28716301918,9587,Rambo,192.168.1.15,8977.28716301918,1134000,45,5,42ffd60e,0,32.84821641463061,3.5163918728340646,1.6293145185218898,1128960,1134000,189917.383,105.361,4085.331,5.571,66.0341726618705,67.13669064748201,0.0062500000931322575,4.999999873689376e-05,915.6105,-0.016680691,915.627,-9.12316e-09,0.01643125,10.599838,0.0
-300.70045024168456,-369.4079809915584,-336.44910359936154,400.0,65,25200,False,1159200,2898,46,774b24d199954f7685399f3f1314ee19,2020-12-01_03-53-17,1606774997,193.38421988487244,9170.671382904053,9587,Rambo,192.168.1.15,9170.671382904053,1159200,46,5,42ffd60e,0,32.82556091317071,3.5160529729136103,1.627565381076223,1154048,1159200,189779.208,104.781,4065.949,5.568,65.81630434782609,67.2858695652174,0.0062500000931322575,4.999999873689376e-05,974.6883,-0.016509224,974.70465,-1.3380634e-08,0.016473752,10.392105,0.0
-300.70045024168456,-375.577572311479,-337.31336526582004,400.0,61,25200,False,1184400,2959,47,774b24d199954f7685399f3f1314ee19,2020-12-01_03-56-29,1606775189,192.46927618980408,9363.140659093857,9587,Rambo,192.168.1.15,9363.140659093857,1184400,47,5,42ffd60e,0,32.80532487889364,3.514748678027262,1.6261725282709583,1179136,1184400,189752.57,109.275,4181.227,5.511,65.82618181818182,67.38,0.0062500000931322575,4.999999873689376e-05,962.452,-0.016268585,962.468,-3.649264e-09,0.016074091,10.517496,0.0
-300.8217160337618,-375.577572311479,-335.95283931817903,400.0,65,25200,False,1209600,3024,48,774b24d199954f7685399f3f1314ee19,2020-12-01_03-59-43,1606775383,193.36480593681335,9556.50546503067,9587,Rambo,192.168.1.15,9556.50546503067,1209600,48,5,42ffd60e,0,32.786015434789164,3.514476816911056,1.6247892853435377,1204224,1209600,189615.062,109.537,4242.131,5.444,66.01195652173914,67.55978260869566,0.0062500000931322575,4.999999873689376e-05,1035.0476,-0.016781976,1035.0642,-1.0947792e-08,0.015443467,10.230217,0.0
-300.8217160337618,-371.72684798258166,-336.69978421042237,400.0,61,25200,False,1234800,3085,49,774b24d199954f7685399f3f1314ee19,2020-12-01_04-02-58,1606775578,194.98772287368774,9751.493187904358,9587,Rambo,192.168.1.15,9751.493187904358,1234800,49,5,42ffd60e,0,32.77513359030964,3.513201897029988,1.6239408691369028,1229312,1234800,189655.889,101.484,4086.526,5.88,65.5640287769784,67.71690647482014,0.0062500000931322575,4.999999873689376e-05,1018.563,-0.016579429,1018.57947,-6.082107e-09,0.017630536,10.33558,0.0
-300.6487419209588,-368.37639519195585,-336.50048818792175,400.0,65,25200,False,1260000,3150,50,774b24d199954f7685399f3f1314ee19,2020-12-01_04-06-11,1606775771,193.50373888015747,9944.996926784515,9587,Rambo,192.168.1.15,9944.996926784515,1260000,50,5,42ffd60e,0,32.75351628131497,3.513648768356775,1.6223700394936014,1254400,1260000,189674.512,101.932,4072.531,6.175,65.88840579710146,67.91195652173911,0.0062500000931322575,4.999999873689376e-05,1100.6719,-0.016998786,1100.6887,-3.953369e-09,0.016092546,10.27944,0.0
-300.6487419209588,-370.61708031822235,-338.8388013406652,400.0,61,25200,False,1285200,3211,51,774b24d199954f7685399f3f1314ee19,2020-12-01_04-09-24,1606775964,193.1579988002777,10138.154925584793,9587,Rambo,192.168.1.15,10138.154925584793,1285200,51,5,42ffd60e,0,32.73871259806344,3.512116474099491,1.6213959341892021,1279488,1285200,189689.733,95.139,4030.335,6.076,65.78290909090909,68.088,0.0062500000931322575,4.999999873689376e-05,1091.2096,-0.017390108,1091.2269,-6.994423e-09,0.016988937,10.229278,0.0
-308.8643014544956,-366.86772489715645,-338.30274557020147,400.0,65,25200,False,1310400,3276,52,774b24d199954f7685399f3f1314ee19,2020-12-01_04-12-38,1606776158,194.02395391464233,10332.178879499435,9587,Rambo,192.168.1.15,10332.178879499435,1310400,52,5,42ffd60e,0,32.718837784022284,3.511591441710227,1.6198782734467492,1304576,1310400,189617.0,96.662,4029.928,6.082,65.90072202166066,68.24512635379062,0.0062500000931322575,4.999999873689376e-05,1171.3707,-0.01619951,1171.3868,-7.602633e-09,0.016394628,10.149485,0.0
-291.28286894923485,-368.7322188173379,-335.3849132006931,400.0,61,25200,False,1335600,3337,53,774b24d199954f7685399f3f1314ee19,2020-12-01_04-15-52,1606776352,193.66446614265442,10525.84334564209,9587,Rambo,192.168.1.15,10525.84334564209,1335600,53,5,42ffd60e,0,32.704819627270396,3.509443453705992,1.6187565193894593,1329664,1335600,189344.976,97.101,4219.156,6.095,65.95,68.45362318840579,0.0062500000931322575,4.999999873689376e-05,1149.648,-0.0151744615,1149.663,-2.4328426e-09,0.018155565,10.203993,0.0
-291.28286894923485,-368.7322188173379,-336.20215480022483,400.0,65,25200,False,1360800,3402,54,774b24d199954f7685399f3f1314ee19,2020-12-01_04-19-04,1606776544,192.25440573692322,10718.097751379013,9587,Rambo,192.168.1.15,10718.097751379013,1360800,54,5,42ffd60e,0,32.687780822256634,3.508843218488641,1.6174902923725103,1354752,1360800,189195.845,102.201,4242.887,6.053,66.0324817518248,68.63029197080293,0.0062500000931322575,4.999999873689376e-05,1233.451,-0.016631339,1233.4677,-3.3451586e-09,0.015716955,10.056144,0.0
-302.9775088689835,-365.4667834498884,-335.0635666956226,400.0,61,25200,False,1386000,3463,55,774b24d199954f7685399f3f1314ee19,2020-12-01_04-22-18,1606776738,193.62078261375427,10911.718533992767,9587,Rambo,192.168.1.15,10911.718533992767,1386000,55,5,42ffd60e,0,32.67624178072808,3.507735701891192,1.6165204198625913,1379840,1386000,189248.473,106.421,4068.312,5.92,65.70505415162455,68.72671480144406,0.0062500000931322575,4.999999873689376e-05,1192.0436,-0.019859258,1192.0634,-1.6725792e-08,0.018380323,10.057654,0.0
-301.24760645103254,-376.60004259425517,-334.328267306473,400.0,65,25200,False,1411200,3528,56,774b24d199954f7685399f3f1314ee19,2020-12-01_04-25-31,1606776931,192.73641228675842,11104.454946279526,9587,Rambo,192.168.1.15,11104.454946279526,1411200,56,5,42ffd60e,0,32.66387075344242,3.507518019354476,1.6155056885191015,1404928,1411200,189464.28,102.486,3792.073,5.573,66.04072727272728,68.87054545454546,0.0062500000931322575,4.999999873689376e-05,1288.7708,-0.017778415,1288.7885,-8.819055e-09,0.018580938,9.906399,0.0
-296.8761269638832,-369.47854858371727,-332.3016731763979,400.0,61,25200,False,1436400,3589,57,774b24d199954f7685399f3f1314ee19,2020-12-01_04-28-45,1606777125,194.59833574295044,11299.053282022476,9587,Rambo,192.168.1.15,11299.053282022476,1436400,57,5,42ffd60e,0,32.655710134333226,3.506870223328399,1.6148525469108332,1430016,1436400,189759.054,97.13,3714.871,5.632,65.81805054151624,69.00541516245487,0.0062500000931322575,4.999999873689376e-05,1250.31,-0.01781819,1250.3278,-7.298528e-09,0.019539125,10.035719,0.0
-296.8761269638832,-363.11319533053023,-332.9949411804789,400.0,65,25200,False,1461600,3654,58,774b24d199954f7685399f3f1314ee19,2020-12-01_04-31-58,1606777318,192.8262484073639,11491.87953042984,9587,Rambo,192.168.1.15,11491.87953042984,1461600,58,5,42ffd60e,0,32.64454713015061,3.5071061225622797,1.6139713440744816,1455104,1461600,189742.339,98.738,3675.916,6.042,66.01563636363636,69.22763636363636,0.0062500000931322575,4.999999873689376e-05,1344.7567,-0.017087262,1344.7738,-5.169791e-09,0.01702568,9.903755,0.0
-298.06518438506447,-363.11319533053023,-331.6157054828423,400.0,61,25200,False,1486800,3715,59,774b24d199954f7685399f3f1314ee19,2020-12-01_04-35-13,1606777513,195.27763557434082,11687.15716600418,9587,Rambo,192.168.1.15,11687.15716600418,1486800,59,5,42ffd60e,0,32.633526818354056,3.506757090452204,1.6131413153866612,1480192,1486800,189604.149,104.441,3838.32,5.981,65.55770609318998,69.4222222222222,0.0062500000931322575,4.999999873689376e-05,1299.9459,-0.018347805,1299.964,-8.51495e-09,0.019977381,9.92035,0.0
-297.76509500889426,-368.61661123668773,-332.12803456721923,400.0,65,25200,False,1512000,3780,60,774b24d199954f7685399f3f1314ee19,2020-12-01_04-38-26,1606777706,192.7576503753662,11879.914816379547,9587,Rambo,192.168.1.15,11879.914816379547,1512000,60,5,42ffd60e,0,32.619667982761,3.50668994690364,1.6121657594914447,1505280,1512000,189648.414,105.493,3718.086,5.65,65.92654545454545,69.55490909090909,0.0062500000931322575,4.999999873689376e-05,1407.7365,-0.017378865,1407.7538,6.690317e-09,0.018280238,9.701462,0.0
-302.3155480063388,-368.61661123668773,-333.23749574300166,400.0,61,25200,False,1537200,3841,61,774b24d199954f7685399f3f1314ee19,2020-12-01_04-41-40,1606777900,194.09951210021973,12074.014328479767,9587,Rambo,192.168.1.15,12074.014328479767,1537200,61,5,42ffd60e,0,32.60915594876119,3.505870558639206,1.611413931113391,1530368,1537200,189650.251,110.023,3805.497,6.001,65.51949458483755,69.75595667870037,0.0062500000931322575,4.999999873689376e-05,1359.4619,-0.017961154,1359.4797,1.824632e-09,0.018781066,9.723046,0.0
-301.2686268434616,-368.376926740363,-332.0625925930672,400.0,65,25200,False,1562400,3906,62,774b24d199954f7685399f3f1314ee19,2020-12-01_04-44-55,1606778095,194.3312623500824,12268.34559082985,9587,Rambo,192.168.1.15,12268.34559082985,1562400,62,5,42ffd60e,0,32.595949132271514,3.5058947719020215,1.6105004779751484,1555456,1562400,189678.029,111.075,3807.354,6.107,66.0173285198556,69.95415162454871,0.0062500000931322575,4.999999873689376e-05,1452.9569,-0.017770536,1452.9745,-1.1251897e-08,0.016231343,9.511951,0.0
-298.32023218906744,-363.0260801167531,-331.30277777877643,400.0,61,25200,False,1587600,3967,63,774b24d199954f7685399f3f1314ee19,2020-12-01_04-48-07,1606778287,192.54494428634644,12460.890535116196,9587,Rambo,192.168.1.15,12460.890535116196,1587600,63,5,42ffd60e,0,32.584106456263875,3.5051149346468504,1.6097479364259601,1580544,1587600,189566.471,111.115,3806.4,6.254,66.05381818181817,70.12218181818182,0.0062500000931322575,4.999999873689376e-05,1404.2775,-0.018261362,1404.2958,-4.257475e-09,0.018309185,9.716912,0.0
-298.32023218906744,-363.0260801167531,-331.8603765806906,400.0,65,25200,False,1612800,4032,64,774b24d199954f7685399f3f1314ee19,2020-12-01_04-51-20,1606778480,192.7588312625885,12653.649366378784,9587,Rambo,192.168.1.15,12653.649366378784,1612800,64,5,42ffd60e,0,32.57289561487151,3.5047940863197766,1.6089076362413595,1605632,1612800,189499.148,109.488,3925.315,6.621,66.15745454545454,70.28472727272728,0.0062500000931322575,4.999999873689376e-05,1501.7645,-0.015886564,1501.7806,-1.2164214e-08,0.017045794,9.765329,0.0
-289.13610930449425,-366.8257670467697,-332.60399467046693,400.0,61,25200,False,1638000,4093,65,774b24d199954f7685399f3f1314ee19,2020-12-01_04-54-35,1606778675,194.42663383483887,12848.076000213623,9587,Rambo,192.168.1.15,12848.076000213623,1638000,65,5,42ffd60e,0,32.56570541645768,3.5039362529961138,1.60827008316528,1630720,1638000,189600.643,108.939,3904.967,6.675,65.70036101083032,70.35198555956678,0.0062500000931322575,4.999999873689376e-05,1457.4604,-0.018119656,1457.4783,-1.0035476e-08,0.016275492,9.954948,0.0
-289.13610930449425,-366.8257670467697,-331.4434842318954,400.0,65,25200,False,1663200,4158,66,774b24d199954f7685399f3f1314ee19,2020-12-01_04-57-47,1606778867,192.95973873138428,13041.035738945007,9587,Rambo,192.168.1.15,13041.035738945007,1663200,66,5,42ffd60e,0,32.556425544873385,3.5037463902935246,1.60747690201974,1655808,1663200,189552.055,115.755,3969.786,6.652,66.0970909090909,70.48254545454546,0.0062500000931322575,4.999999873689376e-05,1554.4303,-0.017657502,1554.4479,-9.12316e-10,0.019772623,9.831575,0.0
-298.4810974886075,-361.2113407178101,-332.10923472077803,400.0,61,25200,False,1688400,4219,67,774b24d199954f7685399f3f1314ee19,2020-12-01_05-01-00,1606779060,192.36317563056946,13233.398914575577,9587,Rambo,192.168.1.15,13233.398914575577,1688400,67,5,42ffd60e,0,32.551623285310946,3.5029035054727364,1.6070948788257438,1680896,1688400,189309.836,120.469,3984.914,6.238,66.11934306569341,70.67299270072994,0.0062500000931322575,4.999999873689376e-05,1498.227,-0.016627012,1498.2438,-1.3076529e-08,0.016647251,10.002779,0.0
-298.4810974886075,-370.1708740393715,-332.2318684710593,400.0,65,25200,False,1713600,4284,68,774b24d199954f7685399f3f1314ee19,2020-12-01_05-04-14,1606779254,193.85682201385498,13427.255736589432,9587,Rambo,192.168.1.15,13427.255736589432,1713600,68,5,42ffd60e,0,32.53602743958706,3.5034798635009223,1.6060416113061953,1705984,1713600,189307.972,125.079,4086.33,5.821,65.52924187725631,70.85740072202167,0.0062500000931322575,4.999999873689376e-05,1598.9332,-0.017678715,1598.9506,-1.0643687e-08,0.01955386,9.8665085,0.0
-301.4082892677539,-357.6726950844961,-330.8274372847349,400.0,61,25200,False,1738800,4345,69,774b24d199954f7685399f3f1314ee19,2020-12-01_05-07-28,1606779448,193.8756606578827,13621.131397247314,9587,Rambo,192.168.1.15,13621.131397247314,1738800,69,5,42ffd60e,0,32.53007623974232,3.502612182696065,1.6056614546166634,1731072,1738800,189192.259,118.642,4068.049,5.414,66.21949458483756,71.04584837545127,0.0062500000931322575,4.999999873689376e-05,1534.0111,-0.019531276,1534.0304,-9.12316e-09,0.020549078,9.845623,0.0
-301.06364310473714,-357.6909816446917,-328.5365831616164,400.0,65,25200,False,1764000,4410,70,774b24d199954f7685399f3f1314ee19,2020-12-01_05-10-41,1606779641,193.1578872203827,13814.289284467697,9587,Rambo,192.168.1.15,13814.289284467697,1764000,70,5,42ffd60e,0,32.517199250033016,3.5031071205972455,1.6047843570149218,1756160,1764000,189240.223,114.679,4063.585,5.805,66.26254545454545,70.29745454545454,0.0062500000931322575,4.999999873689376e-05,1623.8931,-0.01762338,1623.9104,3.3451586e-09,0.018479902,9.537469,0.0
-304.5138101823636,-359.9059348325674,-328.6481919455226,400.0,61,25200,False,1789200,4471,71,774b24d199954f7685399f3f1314ee19,2020-12-01_05-13-56,1606779836,194.89679217338562,14009.186076641083,9587,Rambo,192.168.1.15,14009.186076641083,1789200,71,5,42ffd60e,0,32.51329312530815,3.5019308955015687,1.6043015812641437,1781248,1789200,189398.314,109.606,3990.148,5.857,65.9226618705036,68.71007194244604,0.0062500000931322575,4.999999873689376e-05,1556.5736,-0.016660199,1556.5901,-5.778001e-09,0.018057197,9.620432,0.0
-304.5138101823636,-373.73097101762204,-332.327987249786,400.0,65,25200,False,1814400,4536,72,774b24d199954f7685399f3f1314ee19,2020-12-01_05-17-10,1606780030,194.10892128944397,14203.294997930527,9587,Rambo,192.168.1.15,14203.294997930527,1814400,72,5,42ffd60e,0,32.50591660623676,3.5021318617503003,1.6037925550886751,1806336,1814400,189554.628,107.535,3814.451,5.836,66.03465703971119,67.71696750902528,0.0062500000931322575,4.999999873689376e-05,1667.2644,-0.018572332,1667.2827,9.12316e-10,0.01913409,9.470957,0.0
-300.7324915358222,-373.73097101762204,-331.88556668761606,400.0,61,25200,False,1839600,4597,73,774b24d199954f7685399f3f1314ee19,2020-12-01_05-20-24,1606780224,193.67123413085938,14396.966232061386,9587,Rambo,192.168.1.15,14396.966232061386,1839600,73,5,42ffd60e,0,32.5019785441822,3.5014680797167466,1.603654099930095,1831424,1839600,189966.047,101.937,3522.621,5.25,65.61123188405799,67.9014492753623,0.0062500000931322575,4.999999873689376e-05,1589.3212,-0.017115349,1589.3384,4.257475e-09,0.020906243,9.580072,0.0
-294.9819388171421,-361.5149502732828,-331.79271817515166,400.0,65,25200,False,1864800,4662,74,774b24d199954f7685399f3f1314ee19,2020-12-01_05-23-37,1606780417,193.89635801315308,14590.86259007454,9587,Rambo,192.168.1.15,14590.86259007454,1864800,74,5,42ffd60e,0,32.49152416202481,3.5019873462751288,1.6029152529382145,1856512,1864800,190190.202,96.163,3417.723,5.001,66.10649819494584,67.99638989169675,0.0062500000931322575,4.999999873689376e-05,1692.7494,-0.017634628,1692.7668,-6.0821065e-10,0.018453145,9.513304,0.0
-294.9819388171421,-360.22108308314904,-329.5811709362903,400.0,61,25200,False,1890000,4723,75,774b24d199954f7685399f3f1314ee19,2020-12-01_05-26-51,1606780611,193.411141872406,14784.273731946945,9587,Rambo,192.168.1.15,14784.273731946945,1890000,75,5,42ffd60e,0,32.49041581873802,3.5008084543068274,1.6026818959271254,1881600,1890000,190160.121,90.492,3351.695,5.327,65.7978260869565,68.14239130434784,0.0062500000931322575,4.999999873689376e-05,1622.3782,-0.019204935,1622.3973,-8.210844e-09,0.019810632,9.599935,0.0
-296.832159704269,-373.63498147061244,-330.74905579634463,400.0,65,25200,False,1915200,4788,76,774b24d199954f7685399f3f1314ee19,2020-12-01_05-30-04,1606780804,193.04755854606628,14977.321290493011,9587,Rambo,192.168.1.15,14977.321290493011,1915200,76,5,42ffd60e,0,32.47956745224265,3.501005911127097,1.6018324254874516,1906688,1915200,190159.543,85.666,3366.012,5.313,66.35818181818182,68.30363636363636,0.0062500000931322575,4.999999873689376e-05,1711.3425,-0.019084567,1711.3615,4.56158e-09,0.022186266,9.437732,0.0
-298.9812859629739,-369.74364607180377,-329.85289318726217,400.0,61,25200,False,1940400,4849,77,774b24d199954f7685399f3f1314ee19,2020-12-01_05-33-16,1606780996,192.4310085773468,15169.752299070358,9587,Rambo,192.168.1.15,15169.752299070358,1940400,77,5,42ffd60e,0,32.473089360337354,3.4999648575366944,1.6012315326457263,1931776,1940400,190158.003,83.814,3375.522,5.331,66.01715328467154,68.45401459854016,0.0062500000931322575,4.999999873689376e-05,1642.4567,-0.018685479,1642.4755,-6.690317e-09,0.021668142,9.594678,0.0
-300.85820442281533,-373.68177031218585,-329.4778757783286,400.0,65,25200,False,1965600,4914,78,774b24d199954f7685399f3f1314ee19,2020-12-01_05-36-29,1606781189,192.6902792453766,15362.442578315735,9587,Rambo,192.168.1.15,15362.442578315735,1965600,78,5,42ffd60e,0,32.463797702183804,3.4999382862877373,1.6006002024609043,1956864,1965600,190078.756,80.728,3340.955,5.665,65.75672727272726,68.65781818181819,0.0062500000931322575,4.999999873689376e-05,1738.6442,-0.017898848,1738.662,-5.778001e-09,0.020165,9.246085,0.0
-300.85820442281533,-359.6944807830022,-330.90094114398636,400.0,61,25200,False,1990800,4975,79,774b24d199954f7685399f3f1314ee19,2020-12-01_05-39-44,1606781384,194.59715962409973,15557.039737939835,9587,Rambo,192.168.1.15,15557.039737939835,1990800,79,5,42ffd60e,0,32.456030591239866,3.499402826182285,1.6000799907193033,1981952,1990800,190204.054,85.155,3284.09,5.652,65.39280575539567,68.86043165467626,0.0062500000931322575,4.999999873689376e-05,1660.8627,-0.015810002,1660.8785,-2.1287374e-09,0.019287962,9.468946,0.0
-299.8553139602088,-359.2328601138237,-330.4446886672898,400.0,65,25200,False,2016000,5040,80,774b24d199954f7685399f3f1314ee19,2020-12-01_05-42-58,1606781578,193.80767107009888,15750.847409009933,9587,Rambo,192.168.1.15,15750.847409009933,2016000,80,5,42ffd60e,0,32.445671636353836,3.499411919337334,1.599395841527131,2007040,2016000,190072.963,88.427,3478.06,5.281,65.71630434782608,69.02608695652172,0.0062500000931322575,4.999999873689376e-05,1764.6359,-0.016469806,1764.6525,6.0821065e-10,0.018458508,9.38114,0.0
-299.51140947065977,-373.5109411547465,-332.02144781698996,400.0,61,25200,False,2041200,5101,81,774b24d199954f7685399f3f1314ee19,2020-12-01_05-46-11,1606781771,193.17709398269653,15944.02450299263,9587,Rambo,192.168.1.15,15944.02450299263,2041200,81,5,42ffd60e,0,32.44128880988618,3.4986183456896693,1.5990255003927163,2032128,2041200,189710.749,89.644,3666.919,4.849,65.93586956521737,69.27717391304348,0.0062500000931322575,4.999999873689376e-05,1685.974,-0.017822312,1685.9913,-1.2468319e-08,0.02192031,9.500844,0.0
-299.51140947065977,-373.5109411547465,-331.60798347672835,400.0,65,25200,False,2066400,5166,82,774b24d199954f7685399f3f1314ee19,2020-12-01_05-49-23,1606781963,192.01032972335815,16136.034832715988,9587,Rambo,192.168.1.15,16136.034832715988,2066400,82,5,42ffd60e,0,32.430266522028276,3.498757174907937,1.5983138871984044,2057216,2066400,189572.733,90.475,3593.132,5.162,65.83722627737227,69.46277372262774,0.0062500000931322575,4.999999873689376e-05,1776.8995,-0.019119851,1776.9187,-1.2164214e-08,0.019829389,9.234909,0.0
-300.09320742063835,-367.19785161865514,-332.3853247774467,400.0,61,25200,False,2091600,5227,83,774b24d199954f7685399f3f1314ee19,2020-12-01_05-52-38,1606782158,195.2423849105835,16331.277217626572,9587,Rambo,192.168.1.15,16331.277217626572,2091600,83,5,42ffd60e,0,32.425424727484675,3.498019181670198,1.5979748401961968,2082304,2091600,189580.674,96.299,3735.871,5.535,65.5636690647482,69.66798561151079,0.0062500000931322575,4.999999873689376e-05,1703.5428,-0.018428074,1703.5613,-3.0410532e-10,0.022339921,9.338612,0.0
-299.78419813775116,-369.2687173705931,-331.1815371959164,400.0,65,25200,False,2116800,5292,84,774b24d199954f7685399f3f1314ee19,2020-12-01_05-55-50,1606782350,191.79494547843933,16523.07216310501,9587,Rambo,192.168.1.15,16523.07216310501,2116800,84,5,42ffd60e,0,32.419530613787316,3.497639000093358,1.5974927013605673,2107392,2116800,189277.739,97.969,3827.046,5.465,66.43868613138686,69.77007299270073,0.0062500000931322575,4.999999873689376e-05,1806.0912,-0.018370742,1806.1094,-1.824632e-09,0.023006521,9.149891,0.0
-303.7346003656903,-369.2687173705931,-331.14700842391875,400.0,61,25200,False,2142000,5353,85,774b24d199954f7685399f3f1314ee19,2020-12-01_05-59-03,1606782543,192.93885803222656,16716.011021137238,9587,Rambo,192.168.1.15,16716.011021137238,2142000,85,5,42ffd60e,0,32.41839891312758,3.4967290549734305,1.597474335128851,2132480,2142000,189230.641,98.954,3825.757,5.546,66.00072727272726,69.94909090909091,0.0062500000931322575,4.999999873689376e-05,1717.5483,-0.01778365,1717.566,-5.778001e-09,0.021176973,9.4151325,0.0
-303.7346003656903,-362.7210834819779,-331.1097329010295,400.0,65,25200,False,2167200,5418,86,774b24d199954f7685399f3f1314ee19,2020-12-01_06-02-17,1606782737,193.6374228000641,16909.6484439373,9587,Rambo,192.168.1.15,16909.6484439373,2167200,86,5,42ffd60e,0,32.40702454248908,3.497424984849337,1.5966904972911395,2157568,2167200,189253.868,100.949,3859.383,5.545,65.60072463768115,69.98913043478261,0.0062500000931322575,4.999999873689376e-05,1816.3728,-0.01768787,1816.3903,-7.298528e-09,0.023950698,9.208442,0.0
-300.32737514107964,-361.27427630770217,-331.3949301385044,400.0,61,25200,False,2192400,5479,87,774b24d199954f7685399f3f1314ee19,2020-12-01_06-05-30,1606782930,193.55245995521545,17103.200903892517,9587,Rambo,192.168.1.15,17103.200903892517,2192400,87,5,42ffd60e,0,32.403865742503704,3.49670874533263,1.5962385243793948,2182656,2192400,189237.613,98.754,3990.673,5.53,66.1054347826087,70.21050724637682,0.0062500000931322575,4.999999873689376e-05,1730.9978,-0.018807178,1731.0166,-4.56158e-09,0.024792124,9.61619,0.0
-298.8698123924181,-361.9519659795729,-331.3914730795579,400.0,65,25200,False,2217600,5544,88,774b24d199954f7685399f3f1314ee19,2020-12-01_06-08-42,1606783122,191.51185297966003,17294.712756872177,9587,Rambo,192.168.1.15,17294.712756872177,2217600,88,5,42ffd60e,0,32.39771648439476,3.4964560606324344,1.5957505148414497,2207744,2217600,189021.37,95.525,4091.845,5.191,66.25474452554744,70.38613138686131,0.0062500000931322575,4.999999873689376e-05,1832.4897,-0.017412636,1832.507,-6.690317e-09,0.02191391,9.182218,0.0
-302.69904318622446,-359.27686466499017,-328.31258830928186,400.0,61,25200,False,2242800,5605,89,774b24d199954f7685399f3f1314ee19,2020-12-01_06-11-56,1606783316,193.90335941314697,17488.616116285324,9587,Rambo,192.168.1.15,17488.616116285324,2242800,89,5,42ffd60e,0,32.39386653756039,3.4956596449399964,1.5954432888756072,2232832,2242800,189045.329,91.153,4001.788,5.502,65.7050724637681,70.51811594202898,0.0062500000931322575,4.999999873689376e-05,1738.4387,-0.014801056,1738.4535,-5.169791e-09,0.020928329,9.244777,0.0
-291.9831363544818,-369.38786838586907,-327.08817210482124,400.0,65,25200,False,2268000,5670,90,774b24d199954f7685399f3f1314ee19,2020-12-01_06-15-10,1606783510,194.00810146331787,17682.624217748642,9587,Rambo,192.168.1.15,17682.624217748642,2268000,90,5,42ffd60e,0,32.38872550944209,3.4955779292893614,1.595058584993399,2257920,2268000,189280.863,91.568,3784.094,6.218,65.9913357400722,70.68303249097474,0.0062500000931322575,4.999999873689376e-05,1846.4541,-0.018828198,1846.4725,-3.649264e-09,0.021532366,8.853081,0.0
-291.9831363544818,-369.38786838586907,-327.85374232522577,400.0,61,25200,False,2293200,5731,91,774b24d199954f7685399f3f1314ee19,2020-12-01_06-18-22,1606783702,192.65111231803894,17875.27533006668,9587,Rambo,192.168.1.15,17875.27533006668,2293200,91,5,42ffd60e,0,32.385448699711944,3.4951218474072085,1.5948500504113867,2283008,2293200,189432.738,91.353,3579.352,6.604,65.92618181818182,70.83163636363635,0.0062500000931322575,4.999999873689376e-05,1738.4219,-0.016776158,1738.4385,-7.602633e-09,0.023387719,8.906737,0.0
-301.0063917207253,-358.22083857465196,-325.58296980408255,400.0,65,25200,False,2318400,5796,92,774b24d199954f7685399f3f1314ee19,2020-12-01_06-21-36,1606783896,193.23494696617126,18068.510277032852,9587,Rambo,192.168.1.15,18068.510277032852,2318400,92,5,42ffd60e,0,32.380787202677084,3.4951215313480954,1.5945316479866398,2308096,2318400,189437.189,91.081,3698.408,6.568,66.63600000000001,71.30436363636363,0.0062500000931322575,4.999999873689376e-05,1834.1593,-0.017967088,1834.177,-1.5205267e-09,0.02183467,8.576701,0.0
-290.0470196083509,-355.2318744243013,-325.45870991930286,400.0,61,25200,False,2343600,5857,93,774b24d199954f7685399f3f1314ee19,2020-12-01_06-24-48,1606784088,192.1079351902008,18260.618212223053,9587,Rambo,192.168.1.15,18260.618212223053,2343600,93,5,42ffd60e,0,32.37569095111599,3.4944182383400646,1.594179697549647,2333184,2343600,189128.417,90.32,3695.06,6.198,65.5970802919708,71.43065693430657,0.0062500000931322575,4.999999873689376e-05,1741.6025,-0.018100552,1741.6205,-4.865685e-09,0.0220404,8.785182,0.0
-287.1390683088208,-355.2318744243013,-324.66708064453803,400.0,65,25200,False,2368800,5922,94,774b24d199954f7685399f3f1314ee19,2020-12-01_06-28-00,1606784280,191.88448309898376,18452.502695322037,9587,Rambo,192.168.1.15,18452.502695322037,2368800,94,5,42ffd60e,0,32.36775265333745,3.4944583823967195,1.5935984485555144,2358272,2368800,189249.03,89.756,3583.941,6.24,65.97700729927007,71.60583941605839,0.0062500000931322575,4.999999873689376e-05,1840.479,-0.01638068,1840.4954,-9.427265e-09,0.021769674,8.404074,0.0
-287.1390683088208,-363.2267157723283,-323.4249018783344,400.0,61,25200,False,2394000,5983,95,774b24d199954f7685399f3f1314ee19,2020-12-01_06-31-12,1606784472,192.26949000358582,18644.772185325623,9587,Rambo,192.168.1.15,18644.772185325623,2394000,95,5,42ffd60e,0,32.36526566350076,3.493978961782149,1.5935487742815815,2383360,2394000,189176.313,90.474,3588.972,6.303,65.80255474452554,71.8448905109489,0.0062500000931322575,4.999999873689376e-05,1742.6014,-0.016640022,1742.618,-1.2164213e-09,0.019858932,8.891024,0.0
-292.19730074858796,-363.2267157723283,-324.3768862081781,400.0,65,25200,False,2419200,6048,96,774b24d199954f7685399f3f1314ee19,2020-12-01_06-34-26,1606784666,193.8370714187622,18838.609256744385,9587,Rambo,192.168.1.15,18838.609256744385,2419200,96,5,42ffd60e,0,32.35427578298919,3.494471742995969,1.5928567063147687,2408448,2419200,189103.131,93.337,3678.993,6.342,65.83610108303249,71.23862815884476,0.0062500000931322575,4.999999873689376e-05,1833.8319,-0.020392261,1833.8524,-9.73137e-09,0.022673592,8.563298,0.0
-295.3306643280399,-361.92893692227227,-322.9370981403997,400.0,61,25200,False,2444400,6109,97,774b24d199954f7685399f3f1314ee19,2020-12-01_06-37-40,1606784860,193.96876001358032,19032.578016757965,9587,Rambo,192.168.1.15,19032.578016757965,2444400,97,5,42ffd60e,0,32.35434028905121,3.4935322606752495,1.592651685826672,2433536,2444400,189287.903,96.853,3524.162,6.424,65.54657039711192,70.89061371841154,0.0062500000931322575,4.999999873689376e-05,1733.3793,-0.017864045,1733.397,-4.865685e-09,0.020917565,8.903817,0.0
-301.7717192635294,-359.8775656918344,-325.07387085292964,400.0,65,25200,False,2469600,6174,98,774b24d199954f7685399f3f1314ee19,2020-12-01_06-40-53,1606785053,192.8379340171814,19225.415950775146,9587,Rambo,192.168.1.15,19225.415950775146,2469600,98,5,42ffd60e,0,32.3449097012978,3.4936347643223233,1.5920715268606591,2458624,2469600,189473.668,102.63,3465.561,6.756,65.80727272727273,71.12727272727273,0.0062500000931322575,4.999999873689376e-05,1827.089,-0.018221762,1827.1069,-5.473896e-09,0.023775257,8.519439,0.0
-301.80004253856356,-359.8775656918344,-324.98451846955885,400.0,61,25200,False,2494800,6235,99,774b24d199954f7685399f3f1314ee19,2020-12-01_06-44-06,1606785246,193.34067249298096,19418.756623268127,9587,Rambo,192.168.1.15,19418.756623268127,2494800,99,5,42ffd60e,0,32.34240086096644,3.493024608626548,1.5918977360159723,2483712,2494800,189488.36,107.26,3390.063,6.571,66.21781818181819,71.29381818181817,0.0062500000931322575,4.999999873689376e-05,1739.9397,-0.016691552,1739.956,-1.5813477e-08,0.021593513,8.885605,0.0
-294.90524182652496,-358.5745486310766,-325.6551527951618,400.0,65,25200,False,2520000,6300,100,774b24d199954f7685399f3f1314ee19,2020-12-01_06-47-19,1606785439,193.00111365318298,19611.75773692131,9587,Rambo,192.168.1.15,19611.75773692131,2520000,100,5,42ffd60e,0,32.34023426382633,3.4929973906612077,1.591622186177231,2508800,2520000,189418.511,101.726,3365.462,6.186,67.0572463768116,71.55144927536232,0.0062500000931322575,4.999999873689376e-05,1845.058,-0.01587205,1845.074,-1.0035476e-08,0.026298525,8.725358,0.0
-300.3948621822997,-353.7629556407736,-326.0414834928645,400.0,61,25200,False,2545200,6361,101,774b24d199954f7685399f3f1314ee19,2020-12-01_06-50-33,1606785633,194.31190276145935,19806.06963968277,9587,Rambo,192.168.1.15,19806.06963968277,2545200,101,5,42ffd60e,0,32.34251060218729,3.49225986333259,1.5917855179789149,2533888,2545200,189553.318,105.63,3392.604,6.327,65.7826714801444,71.66425992779783,0.0062500000931322575,4.999999873689376e-05,1752.1119,-0.016808074,1752.1285,-1.5813477e-08,0.020026414,8.677025,0.0
-303.1185659725374,-365.55791958117993,-325.2411628187629,400.0,65,25200,False,2570400,6426,102,774b24d199954f7685399f3f1314ee19,2020-12-01_06-53-46,1606785826,192.64039254188538,19998.710032224655,9587,Rambo,192.168.1.15,19998.710032224655,2570400,102,5,42ffd60e,0,32.33384862244848,3.49283770332941,1.5912049700371476,2558976,2570400,189598.682,105.15,3288.253,6.321,66.10618181818181,71.77381818181819,0.0062500000931322575,4.999999873689376e-05,1837.2977,-0.019064428,1837.3167,-3.953369e-09,0.025345106,8.418507,0.0
-300.08344682982755,-371.2223128180439,-326.4479693247973,400.0,61,25200,False,2595600,6487,103,774b24d199954f7685399f3f1314ee19,2020-12-01_06-57-01,1606786021,194.41273951530457,20193.12277173996,9587,Rambo,192.168.1.15,20193.12277173996,2595600,103,5,42ffd60e,0,32.333400868069354,3.4922206253951846,1.5910113690651506,2584064,2595600,189845.546,101.418,3274.698,6.53,66.12635379061372,71.87436823104692,0.0062500000931322575,4.999999873689376e-05,1753.0833,-0.017874483,1753.1007,-3.953369e-09,0.021856634,8.538406,0.0
-300.08344682982755,-371.2223128180439,-326.03561087939494,400.0,65,25200,False,2620800,6552,104,774b24d199954f7685399f3f1314ee19,2020-12-01_07-00-14,1606786214,193.1315634250641,20386.254335165024,9587,Rambo,192.168.1.15,20386.254335165024,2620800,104,5,42ffd60e,0,32.329373638622904,3.492317843966737,1.5907415853558629,2609152,2620800,189820.193,106.305,3420.272,6.788,66.13927272727274,72.26472727272727,0.0062500000931322575,4.999999873689376e-05,1848.0287,-0.016764699,1848.0457,-3.953369e-09,0.01971325,8.135447,0.0
-283.8662742224855,-353.93620261227915,-322.91018921539785,400.0,61,25200,False,2646000,6613,105,774b24d199954f7685399f3f1314ee19,2020-12-01_07-03-24,1606786404,190.5202968120575,20576.77463197708,9587,Rambo,192.168.1.15,20576.77463197708,2646000,105,5,42ffd60e,0,32.32966244393844,3.4916564314184093,1.5907109162907298,2634240,2646000,189606.724,106.653,3458.21,6.256,66.18713235294118,72.41617647058823,0.0062500000931322575,4.999999873689376e-05,1748.5613,-0.019931769,1748.581,-8.210844e-09,0.026389271,7.9576902,0.0
-283.8662742224855,-351.26087786375166,-321.67718186727564,400.0,65,25200,False,2671200,6678,106,774b24d199954f7685399f3f1314ee19,2020-12-01_07-06-38,1606786598,193.96483540534973,20770.73946738243,9587,Rambo,192.168.1.15,20770.73946738243,2671200,106,5,42ffd60e,0,32.320845540068504,3.492262529908615,1.5901985015063105,2659328,2671200,189824.34,100.453,3258.633,6.627,66.07617328519856,72.58916967509026,0.0062500000931322575,4.999999873689376e-05,1833.1803,-0.014847426,1833.1952,-8.51495e-09,0.022403313,7.697425,0.0
-293.8040113987683,-351.93889391068325,-323.96550982999014,400.0,61,25200,False,2696400,6739,107,774b24d199954f7685399f3f1314ee19,2020-12-01_07-09-54,1606786794,195.44010186195374,20966.179569244385,9587,Rambo,192.168.1.15,20966.179569244385,2696400,107,5,42ffd60e,0,32.32183971025906,3.491470022482497,1.5904034906260012,2684416,2696400,189875.75,96.188,3365.544,7.059,65.66559139784947,72.79498207885304,0.0062500000931322575,4.999999873689376e-05,1744.0181,-0.016869908,1744.0345,-2.736948e-09,0.02551228,8.115871,0.0
-291.54267966035525,-351.93889391068325,-322.68425290258546,400.0,65,25200,False,2721600,6804,108,774b24d199954f7685399f3f1314ee19,2020-12-01_07-13-07,1606786987,192.83256912231445,21159.0121383667,9587,Rambo,192.168.1.15,21159.0121383667,2721600,108,5,42ffd60e,0,32.3140106817802,3.4919223739996954,1.5899013941110252,2709504,2721600,189951.585,96.129,3288.319,7.316,66.02181818181818,72.95381818181818,0.0062500000931322575,4.999999873689376e-05,1839.7793,-0.017820057,1839.7972,-1.1251897e-08,0.023759454,7.840878,0.0
-291.54267966035525,-355.14931542912035,-322.00906815086904,400.0,61,25200,False,2746800,6865,109,774b24d199954f7685399f3f1314ee19,2020-12-01_07-16-18,1606787178,191.67729091644287,21350.689429283142,9587,Rambo,192.168.1.15,21350.689429283142,2746800,109,5,42ffd60e,0,32.31413853640613,3.4911316733901403,1.5899165014365964,2734592,2746800,189770.211,96.659,3303.342,7.58,66.44908424908424,73.08021978021979,0.0062500000931322575,4.999999873689376e-05,1752.2582,-0.017562222,1752.2755,1.2164213e-09,0.0234183,8.15279,0.0
-293.78705709764085,-361.5001662042954,-323.89177657896164,400.0,65,25200,False,2772000,6930,110,774b24d199954f7685399f3f1314ee19,2020-12-01_07-19-32,1606787372,193.23630452156067,21543.925733804703,9587,Rambo,192.168.1.15,21543.925733804703,2772000,110,5,42ffd60e,0,32.305314970381374,3.4915536215927996,1.5893964771965567,2759680,2772000,189765.869,101.485,3326.387,7.534,65.85942028985507,73.28804347826087,0.0062500000931322575,4.999999873689376e-05,1840.5165,-0.019065509,1840.5353,6.994423e-09,0.025434531,7.954559,0.0
-293.78705709764085,-361.5001662042954,-325.8360630263797,400.0,61,25200,False,2797200,6991,111,774b24d199954f7685399f3f1314ee19,2020-12-01_07-22-44,1606787564,192.21793341636658,21736.14366722107,9587,Rambo,192.168.1.15,21736.14366722107,2797200,111,5,42ffd60e,0,32.306626117557975,3.4905871668328596,1.589382697873268,2784768,2797200,189540.651,101.601,3343.169,7.068,65.88175182481751,73.45948905109488,0.0062500000931322575,4.999999873689376e-05,1737.837,-0.014677569,1737.8517,-5.473896e-09,0.025053833,8.024905,0.0
-296.22886387173656,-361.6444757194145,-326.36365168073377,400.0,65,25200,False,2822400,7056,112,774b24d199954f7685399f3f1314ee19,2020-12-01_07-25-58,1606787758,193.775456905365,21929.919124126434,9587,Rambo,192.168.1.15,21929.919124126434,2822400,112,5,42ffd60e,0,32.298902363885915,3.490710924078009,1.588819330383012,2809856,2822400,189461.049,103.025,3535.178,6.702,66.31739130434784,73.65869565217392,0.0062500000931322575,4.999999873689376e-05,1852.5619,-0.020325694,1852.5823,-1.0947792e-08,0.0295331,7.8448014,0.0
-298.5590665494175,-358.7482988494583,-326.0303318494239,400.0,61,25200,False,2847600,7117,113,774b24d199954f7685399f3f1314ee19,2020-12-01_07-29-10,1606787950,192.23440265655518,22122.15352678299,9587,Rambo,192.168.1.15,22122.15352678299,2847600,113,5,42ffd60e,0,32.29839840281141,3.489851865125078,1.5887969049459596,2834944,2847600,189371.406,102.458,3408.447,6.502,65.59054545454546,73.81927272727272,0.0062500000931322575,4.999999873689376e-05,1741.55,-0.019685896,1741.5695,1.2164213e-09,0.022054924,8.249488,0.0
-297.6014412250509,-365.6616468852206,-325.23406968807177,400.0,65,25200,False,2872800,7182,114,774b24d199954f7685399f3f1314ee19,2020-12-01_07-32-23,1606788143,193.03683471679688,22315.190361499786,9587,Rambo,192.168.1.15,22315.190361499786,2872800,114,5,42ffd60e,0,32.28976038174927,3.490395391935369,1.588259809409747,2860032,2872800,189427.615,103.858,3341.665,6.189,66.0029090909091,73.98981818181818,0.0062500000931322575,4.999999873689376e-05,1843.0089,-0.018694924,1843.0275,-1.5813477e-08,0.025157169,8.043214,0.0
-297.9636889372796,-350.9051420059565,-325.8177775097367,400.0,61,25200,False,2898000,7243,115,774b24d199954f7685399f3f1314ee19,2020-12-01_07-35-36,1606788336,192.77791953086853,22507.968281030655,9587,Rambo,192.168.1.15,22507.968281030655,2898000,115,5,42ffd60e,0,32.29069947722916,3.4896004577328528,1.5882897191638423,2885120,2898000,189544.729,107.753,3447.04,6.182,66.32327272727272,74.32254545454545,0.0062500000931322575,4.999999873689376e-05,1753.6543,-0.0177666,1753.6719,-1.885453e-08,0.0256524,8.482067,0.0
-292.7813155018272,-354.61399478224047,-325.2749315098086,400.0,65,25200,False,2923200,7308,116,774b24d199954f7685399f3f1314ee19,2020-12-01_07-38-49,1606788529,192.83785724639893,22700.806138277054,9587,Rambo,192.168.1.15,22700.806138277054,2923200,116,5,42ffd60e,0,32.28138913454626,3.490127409620294,1.5877154761392331,2910208,2923200,189281.431,112.682,3593.906,5.821,65.86436363636363,74.4650909090909,0.0062500000931322575,4.999999873689376e-05,1843.9333,-0.01604901,1843.949,-4.865685e-09,0.025382575,8.146705,0.0
-292.7813155018272,-355.38859279690337,-324.7617873186929,400.0,61,25200,False,2948400,7369,117,774b24d199954f7685399f3f1314ee19,2020-12-01_07-42-02,1606788722,193.80458664894104,22894.610724925995,9587,Rambo,192.168.1.15,22894.610724925995,2948400,117,5,42ffd60e,0,32.281673677504315,3.489527299919552,1.5877427434391342,2935296,2948400,189265.016,112.461,3448.149,5.409,65.56570397111912,74.65198555956678,0.0062500000931322575,4.999999873689376e-05,1748.9873,-0.018172882,1749.0052,-9.73137e-09,0.024091687,8.521991,0.0
-289.17248018370265,-358.9295153927107,-325.11088368670556,400.0,65,25200,False,2973600,7434,118,774b24d199954f7685399f3f1314ee19,2020-12-01_07-45-15,1606788915,193.0670986175537,23087.67782354355,9587,Rambo,192.168.1.15,23087.67782354355,2973600,118,5,42ffd60e,0,32.27429517918649,3.490084029793767,1.5872472196885974,2960384,2973600,189303.198,112.925,3433.452,4.831,66.12072727272728,74.8589090909091,0.0062500000931322575,4.999999873689376e-05,1849.4413,-0.017378272,1849.4585,2.1287374e-09,0.028526237,8.307386,0.0
-273.58552565782065,-358.9295153927107,-323.64730107585495,400.0,61,25200,False,2998800,7495,119,774b24d199954f7685399f3f1314ee19,2020-12-01_07-48-29,1606789109,193.07994103431702,23280.757764577866,9587,Rambo,192.168.1.15,23280.757764577866,2998800,119,5,42ffd60e,0,32.27517106831262,3.489414234122904,1.5872832164060775,2985472,2998800,189488.702,108.336,3392.746,4.914,65.88727272727273,74.95781818181818,0.0062500000931322575,4.999999873689376e-05,1750.7109,-0.019269232,1750.7301,-2.1287374e-09,0.028033238,8.357657,0.0
-273.58552565782065,-359.0556311544341,-324.2350326279868,400.0,65,25200,False,3024000,7560,120,774b24d199954f7685399f3f1314ee19,2020-12-01_07-51-42,1606789302,193.23918771743774,23473.996952295303,9587,Rambo,192.168.1.15,23473.996952295303,3024000,120,5,42ffd60e,0,32.267204753427684,3.489866726691601,1.5867847988675678,3010560,3024000,189507.253,105.179,3378.008,4.577,65.7858695652174,73.75797101449275,0.0062500000931322575,4.999999873689376e-05,1840.6349,-0.017094782,1840.6517,-4.257475e-09,0.026321894,8.374778,0.0
-292.6017238440931,-356.2744352842541,-324.2703145854298,400.0,61,25200,False,3049200,7621,121,774b24d199954f7685399f3f1314ee19,2020-12-01_07-54-55,1606789495,193.18364787101746,23667.18060016632,9587,Rambo,192.168.1.15,23667.18060016632,3049200,121,5,42ffd60e,0,32.26783063767186,3.489144418431333,1.586723071122511,3035648,3049200,189615.482,105.985,3364.641,4.978,65.50289855072465,73.94384057971014,0.0062500000931322575,4.999999873689376e-05,1755.9031,-0.016234294,1755.9193,-6.082107e-09,0.026233483,8.6557665,0.0
-293.29812079791867,-368.90766337625604,-325.97045355555963,400.0,65,25200,False,3074400,7686,122,774b24d199954f7685399f3f1314ee19,2020-12-01_07-58-07,1606789687,192.10580730438232,23859.286407470703,9587,Rambo,192.168.1.15,23859.286407470703,3074400,122,5,42ffd60e,0,32.26065300539092,3.4894393965322843,1.5862893974859265,3060736,3074400,189705.828,100.642,3112.481,5.293,66.09014598540148,74.1248175182482,0.0062500000931322575,4.999999873689376e-05,1851.8594,-0.016870258,1851.876,-3.0410534e-09,0.025775652,8.285123,0.0
-298.54857740076,-361.5204929805845,-325.80344115833316,400.0,61,25200,False,3099600,7747,123,774b24d199954f7685399f3f1314ee19,2020-12-01_08-01-20,1606789880,192.5952661037445,24051.881673574448,9587,Rambo,192.168.1.15,24051.881673574448,3099600,123,5,42ffd60e,0,32.25776206734285,3.4890484742416157,1.5861074448159738,3085824,3099600,189441.381,106.62,3406.308,5.27,66.06350364963504,74.33576642335765,0.0062500000931322575,4.999999873689376e-05,1748.7162,-0.01366111,1748.7299,-9.427265e-09,0.02656272,8.7106695,0.0
-287.6990812521337,-360.5096283031806,-326.9577575453436,400.0,65,25200,False,3124800,7812,124,774b24d199954f7685399f3f1314ee19,2020-12-01_08-04-32,1606790072,191.69106316566467,24243.572736740112,9587,Rambo,192.168.1.15,24243.572736740112,3124800,124,5,42ffd60e,0,32.25163969587712,3.48889529206629,1.585657904155925,3110912,3124800,189093.352,106.383,3618.887,5.665,65.78649635036497,74.57773722627736,0.0062500000931322575,4.999999873689376e-05,1860.8569,-0.017952142,1860.875,-1.824632e-09,0.027772175,8.463294,0.0
-287.6990812521337,-363.5079951074069,-327.038518006886,400.0,61,25200,False,3150000,7873,125,774b24d199954f7685399f3f1314ee19,2020-12-01_08-07-41,1606790261,189.76472282409668,24433.33745956421,9587,Rambo,192.168.1.15,24433.33745956421,3150000,125,5,42ffd60e,0,32.24579294025394,3.488477653486038,1.5853108373310842,3136000,3150000,188886.992,101.076,3528.3,6.062,65.72140221402213,74.70848708487085,0.0062500000931322575,4.999999873689376e-05,1762.977,-0.016510475,1762.9937,2.4328426e-09,0.028599871,8.740435,0.0
-274.59766161155676,-365.3937706635816,-329.15735909170434,400.0,65,25200,False,3175200,7938,126,774b24d199954f7685399f3f1314ee19,2020-12-01_08-10-54,1606790454,192.35146808624268,24625.68892765045,9587,Rambo,192.168.1.15,24625.68892765045,3175200,126,5,42ffd60e,0,32.23877346616459,3.488546104382491,1.5849008126838549,3161088,3175200,188714.42,99.627,3652.661,6.33,65.80729927007299,74.83211678832117,0.0062500000931322575,4.999999873689376e-05,1866.434,-0.019003572,1866.4528,-1.2468319e-08,0.029663865,8.507301,0.0
-274.59766161155676,-365.3937706635816,-326.86520951412473,400.0,61,25200,False,3200400,7999,127,774b24d199954f7685399f3f1314ee19,2020-12-01_08-14-04,1606790644,189.8064730167389,24815.49540066719,9587,Rambo,192.168.1.15,24815.49540066719,3200400,127,5,42ffd60e,0,32.2360888596468,3.4880603027506494,1.5849401216738732,3186176,3200400,188296.016,100.013,3669.839,6.672,66.08671586715867,75.00442804428044,0.0062500000931322575,4.999999873689376e-05,1767.5255,-0.017931152,1767.5433,-1.0035476e-08,0.030321365,8.685824,0.0
-288.23662538801705,-359.8838320154411,-326.4495556321919,400.0,65,25200,False,3225600,8064,128,774b24d199954f7685399f3f1314ee19,2020-12-01_08-17-15,1606790835,191.8955099582672,25007.390910625458,9587,Rambo,192.168.1.15,25007.390910625458,3225600,128,5,42ffd60e,0,32.226846465827975,3.488600451655369,1.5844128330977885,3211264,3225600,188202.501,100.275,3646.367,6.989,66.26373626373626,75.17802197802197,0.0062500000931322575,4.999999873689376e-05,1856.4589,-0.018004466,1856.477,-5.473896e-09,0.026068741,8.171347,0.0
-288.23662538801705,-371.6563059440443,-326.46214632233944,400.0,61,25200,False,3250800,8125,129,774b24d199954f7685399f3f1314ee19,2020-12-01_08-20-25,1606791025,189.77122735977173,25197.16213798523,9587,Rambo,192.168.1.15,25197.16213798523,3250800,129,5,42ffd60e,0,32.22500744859845,3.4881705897377593,1.5841515235734294,3236352,3250800,187870.102,100.298,3647.5,6.526,66.26752767527675,75.22656826568264,0.0062500000931322575,4.999999873689376e-05,1771.9697,-0.018737068,1771.9884,3.3451586e-09,0.027259842,8.215393,0.0
-292.4734665047523,-370.55748284143624,-326.6103010397142,400.0,65,25200,False,3276000,8190,130,774b24d199954f7685399f3f1314ee19,2020-12-01_08-23-37,1606791217,191.25309109687805,25388.415229082108,9587,Rambo,192.168.1.15,25388.415229082108,3276000,130,5,42ffd60e,0,32.221223561834535,3.488188171597186,1.583841405982206,3261440,3276000,187608.652,98.456,3711.749,7.027,66.57142857142857,75.21831501831501,0.0062500000931322575,4.999999873689376e-05,1867.6887,-0.01773454,1867.7064,-1.5205267e-09,0.025294425,8.21623,0.0
-292.4734665047523,-372.71086056401697,-323.9555250314092,400.0,61,25200,False,3301200,8251,131,774b24d199954f7685399f3f1314ee19,2020-12-01_08-26-49,1606791409,192.1549141407013,25580.57014322281,9587,Rambo,192.168.1.15,25580.57014322281,3301200,131,5,42ffd60e,0,32.221209828143415,3.4875893585024667,1.5839054124205694,3286528,3301200,187471.414,98.409,3746.74,7.003,65.61605839416059,75.3463503649635,0.0062500000931322575,4.999999873689376e-05,1765.5475,-0.01609343,1765.5635,-3.3451586e-09,0.028680604,8.31257,0.0
-296.3796585782581,-372.71086056401697,-325.04116635941585,400.0,65,25200,False,3326400,8316,132,774b24d199954f7685399f3f1314ee19,2020-12-01_08-30-01,1606791601,192.59870195388794,25773.168845176697,9587,Rambo,192.168.1.15,25773.168845176697,3326400,132,5,42ffd60e,0,32.21164911094709,3.487966864775998,1.5833388005166429,3311616,3326400,187217.685,102.845,4045.478,6.753,65.9,75.56545454545454,0.0062500000931322575,4.999999873689376e-05,1868.7375,-0.01891125,1868.7561,-6.690317e-09,0.03021852,8.00027,0.0
-292.6470080161617,-371.2839382630051,-325.59570138920793,400.0,61,25200,False,3351600,8377,133,774b24d199954f7685399f3f1314ee19,2020-12-01_08-33-14,1606791794,192.45935106277466,25965.62819623947,9587,Rambo,192.168.1.15,25965.62819623947,3351600,133,5,42ffd60e,0,32.210940567689086,3.487247851026913,1.5831749125774985,3336704,3351600,187273.755,102.988,3976.163,6.913,65.66569343065694,75.72810218978103,0.0062500000931322575,4.999999873689376e-05,1767.964,-0.01962544,1767.9834,-7.602633e-09,0.02703906,7.897957,0.0
-288.40691848452445,-371.2839382630051,-324.4643810927851,400.0,65,25200,False,3376800,8442,134,774b24d199954f7685399f3f1314ee19,2020-12-01_08-36-24,1606791984,190.32662630081177,26155.954822540283,9587,Rambo,192.168.1.15,26155.954822540283,3376800,134,5,42ffd60e,0,32.201403682342885,3.4874617578464027,1.5826029281322829,3361792,3376800,187256.256,96.989,3863.547,6.529,65.92058823529412,75.81691176470588,0.0062500000931322575,4.999999873689376e-05,1861.7352,-0.016715068,1861.752,4.865685e-09,0.027316703,7.5981817,0.0
-288.40691848452445,-351.89255419304254,-324.3158247195496,400.0,61,25200,False,3402000,8503,135,774b24d199954f7685399f3f1314ee19,2020-12-01_08-39-36,1606792176,191.21744441986084,26347.172266960144,9587,Rambo,192.168.1.15,26347.172266960144,3402000,135,5,42ffd60e,0,32.19987840076216,3.4869377903525502,1.5826383949744107,3386880,3402000,187413.839,101.757,3846.043,6.61,65.93772893772893,75.97069597069597,0.0062500000931322575,4.999999873689376e-05,1759.8739,-0.016226748,1759.89,-8.210844e-09,0.031671844,7.8846173,0.0
-293.65243084054055,-364.58922566341937,-324.7375265377652,400.0,65,25200,False,3427200,8568,136,774b24d199954f7685399f3f1314ee19,2020-12-01_08-42-48,1606792368,192.19214415550232,26539.364411115646,9587,Rambo,192.168.1.15,26539.364411115646,3427200,136,5,42ffd60e,0,32.18987570474088,3.4874194436942183,1.5820676200756862,3411968,3427200,187439.91,101.31,3804.906,6.901,65.86350364963504,76.12372262773724,0.0062500000931322575,4.999999873689376e-05,1860.53,-0.01844296,1860.5481,-3.953369e-09,0.02656357,7.561301,0.0
-286.55592268381383,-361.919360292089,-323.1143164035866,400.0,61,25200,False,3452400,8629,137,774b24d199954f7685399f3f1314ee19,2020-12-01_08-46-00,1606792560,191.92872977256775,26731.293140888214,9587,Rambo,192.168.1.15,26731.293140888214,3452400,137,5,42ffd60e,0,32.18700858524237,3.4867735139278535,1.5818117301666177,3437056,3452400,187549.569,106.087,3903.72,6.531,65.82627737226278,76.35182481751824,0.0062500000931322575,4.999999873689376e-05,1751.1875,-0.017598372,1751.2047,-2.736948e-09,0.029232258,7.6220207,0.0
-288.3054562964918,-361.919360292089,-322.0669182016187,400.0,65,25200,False,3477600,8694,138,774b24d199954f7685399f3f1314ee19,2020-12-01_08-49-11,1606792751,191.346533536911,26922.639674425125,9587,Rambo,192.168.1.15,26922.639674425125,3477600,138,5,42ffd60e,0,32.18196126463352,3.486878285394356,1.5814960202308044,3462144,3477600,187314.595,104.392,4085.788,6.312,66.24945054945054,74.64725274725275,0.0062500000931322575,4.999999873689376e-05,1853.5201,-0.017221961,1853.537,-1.5205267e-09,0.0289174,7.162127,0.0
-288.3054562964918,-348.1859812533491,-321.45091922199435,400.0,61,25200,False,3502800,8755,139,774b24d199954f7685399f3f1314ee19,2020-12-01_08-52-21,1606792941,189.88195276260376,27112.52162718773,9587,Rambo,192.168.1.15,27112.52162718773,3502800,139,5,42ffd60e,0,32.17887464398589,3.486538368514024,1.5813301347060615,3487232,3502800,187215.84,104.078,4196.389,6.302,66.30111111111111,73.89000000000001,0.0062500000931322575,4.999999873689376e-05,1749.5856,-0.017564671,1749.603,2.1287374e-09,0.028557708,7.514881,0.0
-288.61254918337227,-361.21877617664177,-320.9215938981531,400.0,65,25200,False,3528000,8820,140,774b24d199954f7685399f3f1314ee19,2020-12-01_08-55-33,1606793133,191.75182723999023,27304.27345442772,9587,Rambo,192.168.1.15,27304.27345442772,3528000,140,5,42ffd60e,0,32.173078584603566,3.4865361694630046,1.5809814763066539,3512320,3528000,187147.547,107.433,4311.99,6.153,65.83394160583941,74.02445255474453,0.0062500000931322575,4.999999873689376e-05,1851.5541,-0.018290361,1851.5724,-9.12316e-09,0.030979488,6.8647485,0.0
-284.63137366509375,-349.92182301357184,-320.6427868714674,400.0,61,25200,False,3553200,8881,141,774b24d199954f7685399f3f1314ee19,2020-12-01_08-58-42,1606793322,189.6801655292511,27493.95361995697,9587,Rambo,192.168.1.15,27493.95361995697,3553200,141,5,42ffd60e,0,32.17157427818484,3.486086393640229,1.5809051362918896,3537408,3553200,186927.95,101.36,4290.155,5.82,65.88339483394834,73.90442804428045,0.0062500000931322575,4.999999873689376e-05,1756.4834,-0.017168028,1756.5005,-1.0035476e-08,0.034574866,7.1867824,0.0
-284.63137366509375,-368.61543320410084,-322.84852204195425,400.0,65,25200,False,3578400,8946,142,774b24d199954f7685399f3f1314ee19,2020-12-01_09-01-53,1606793513,190.78133988380432,27684.734959840775,9587,Rambo,192.168.1.15,27684.734959840775,3578400,142,5,42ffd60e,0,32.162625420340696,3.486318343574061,1.5804040429385995,3562496,3578400,186826.34,96.303,4213.942,6.327,65.95919117647058,72.99154411764705,0.0062500000931322575,4.999999873689376e-05,1853.5463,-0.0169586,1853.5631,-8.819055e-09,0.03433564,6.8634243,0.0
-293.06114559830354,-352.43079130817523,-322.71367917726786,400.0,61,25200,False,3603600,9007,143,774b24d199954f7685399f3f1314ee19,2020-12-01_09-05-05,1606793705,191.76522707939148,27876.500186920166,9587,Rambo,192.168.1.15,27876.500186920166,3603600,143,5,42ffd60e,0,32.16161163096226,3.485618311256522,1.5805014594388167,3587584,3603600,186862.241,94.267,4110.525,6.657,65.74322344322343,73.16996336996337,0.0062500000931322575,4.999999873689376e-05,1753.2225,-0.01495573,1753.2374,-5.473896e-09,0.03225942,7.0455623,0.0
-291.31374381268176,-358.9755185424392,-320.26324788435863,400.0,65,25200,False,3628800,9072,144,774b24d199954f7685399f3f1314ee19,2020-12-01_09-08-16,1606793896,190.68427395820618,28067.184460878372,9587,Rambo,192.168.1.15,28067.184460878372,3628800,144,5,42ffd60e,0,32.152057948764444,3.4859189721155253,1.57994395222754,3612672,3628800,187053.408,97.128,3952.564,6.63,65.83125,73.33308823529411,0.0062500000931322575,4.999999873689376e-05,1841.9562,-0.016707756,1841.9725,-1.0947792e-08,0.031158462,6.492991,0.0
-291.31374381268176,-358.9755185424392,-319.5335348171368,400.0,61,25200,False,3654000,9133,145,774b24d199954f7685399f3f1314ee19,2020-12-01_09-11-28,1606794088,192.08131408691406,28259.265774965286,9587,Rambo,192.168.1.15,28259.265774965286,3654000,145,5,42ffd60e,0,32.152857594167344,3.4852152707904565,1.5800192674628755,3637760,3654000,187078.822,91.798,4019.274,6.703,65.8624087591241,73.53795620437957,0.0062500000931322575,4.999999873689376e-05,1748.0941,-0.015632369,1748.1095,-6.994423e-09,0.031512864,7.0154057,0.0
-282.90955730404295,-352.9747678958882,-320.0043813281785,400.0,65,25200,False,3679200,9198,146,774b24d199954f7685399f3f1314ee19,2020-12-01_09-14-37,1606794277,188.5873007774353,28447.85307574272,9587,Rambo,192.168.1.15,28447.85307574272,3679200,146,5,42ffd60e,0,32.142579698225624,3.485445694273605,1.5794650573304154,3662848,3679200,186771.768,86.312,3970.98,6.524,66.23680297397769,73.7278810408922,0.0062500000931322575,4.999999873689376e-05,1830.8965,-0.014283597,1830.9105,-5.169791e-09,0.03209719,6.5485816,0.0
-285.54324606758263,-359.4524760467986,-319.68170965563985,400.0,61,25200,False,3704400,9259,147,774b24d199954f7685399f3f1314ee19,2020-12-01_09-17-42,1606794462,185.8440432548523,28633.697118997574,9587,Rambo,192.168.1.15,28633.697118997574,3704400,147,5,42ffd60e,0,32.1399078348101,3.484415873209144,1.5792028788939416,3687936,3704400,186281.858,81.101,3857.375,6.842,66.08415094339624,73.89169811320754,0.0062500000931322575,4.999999873689376e-05,1734.7449,-0.016328894,1734.761,4.257475e-09,0.033404697,6.978674,0.0
-285.54324606758263,-359.4524760467986,-319.9334559560447,400.0,65,25200,False,3729600,9324,148,774b24d199954f7685399f3f1314ee19,2020-12-01_09-20-49,1606794649,186.2812843322754,28819.97840332985,9587,Rambo,192.168.1.15,28819.97840332985,3729600,148,5,42ffd60e,0,32.1278139985578,3.4843931171523947,1.578560937763906,3713024,3729600,185861.142,76.248,3775.623,6.735,66.15789473684211,74.19097744360903,0.0062500000931322575,4.999999873689376e-05,1824.1598,-0.014383013,1824.1741,-7.298528e-09,0.036486678,6.4661255,0.0
-287.9757828633128,-355.6896842495768,-321.9950992854802,400.0,61,25200,False,3754800,9385,149,774b24d199954f7685399f3f1314ee19,2020-12-01_09-23-55,1606794835,185.81213235855103,29005.7905356884,9587,Rambo,192.168.1.15,29005.7905356884,3754800,149,5,42ffd60e,0,32.11941826802228,3.4838586129775653,1.5781661991348606,3738112,3754800,185427.564,75.752,3801.997,7.172,65.4422641509434,74.4033962264151,0.0062500000931322575,4.999999873689376e-05,1734.7736,-0.014040223,1734.7874,-7.298528e-09,0.03997366,6.795278,0.0
-284.9900872734753,-357.30603329324225,-321.372535974691,400.0,64,25200,False,3780000,9449,150,774b24d199954f7685399f3f1314ee19,2020-12-01_09-27-00,1606795020,184.88550877571106,29190.67604446411,9587,Rambo,192.168.1.15,29190.67604446411,3780000,150,5,42ffd60e,0,32.110485981560174,3.4832204993690015,1.5777507204182748,3763200,3780000,184798.582,73.049,3746.243,7.251,65.72007575757576,74.59166666666665,0.0062500000931322575,4.999999873689376e-05,1808.8,-0.015959915,1808.8158,-1.5205267e-09,0.0353926,6.3974047,0.0
-278.2759072081844,-355.9149021803619,-320.5735893976497,400.0,63,25200,False,3805200,9512,151,774b24d199954f7685399f3f1314ee19,2020-12-01_09-30-04,1606795204,184.47271394729614,29375.148758411407,9587,Rambo,192.168.1.15,29375.148758411407,3805200,151,5,42ffd60e,0,32.09181656471194,3.483630329394141,1.5769826256682233,3788288,3805200,184283.03,76.114,3737.213,7.83,64.97034220532319,74.76996197718631,0.0062500000931322575,4.999999873689376e-05,1782.4724,-0.014928985,1782.4873,6.0821065e-10,0.03361029,6.531622,0.0
-287.6420330346356,-360.0990956848466,-321.4883094056107,400.0,63,25200,False,3830400,9575,152,774b24d199954f7685399f3f1314ee19,2020-12-01_09-33-08,1606795388,183.91933131217957,29559.068089723587,9587,Rambo,192.168.1.15,29559.068089723587,3830400,152,5,42ffd60e,0,32.08505202340593,3.4829182132080505,1.5765724688755267,3813376,3830400,183785.709,75.886,3548.693,7.574,65.51406844106462,74.93878326996199,0.0062500000931322575,4.999999873689376e-05,1787.6403,-0.01244526,1787.6525,-8.210844e-09,0.040947225,6.4685345,0.0
-290.5439263581174,-372.43267447759075,-318.6210946072711,400.0,63,25200,False,3855600,9638,153,774b24d199954f7685399f3f1314ee19,2020-12-01_09-36-11,1606795571,182.55548191070557,29741.623571634293,9587,Rambo,192.168.1.15,29741.623571634293,3855600,153,5,42ffd60e,0,32.06980145031158,3.48301792172099,1.5758605047053016,3838464,3855600,182972.609,72.917,3442.977,7.515,65.95769230769231,75.13576923076923,0.00937500037252903,4.999999873689376e-05,1781.1823,-0.010283257,1781.1921,-1.824632e-09,0.037583847,6.2440233,0.0
-287.5282500407038,-358.7563833052693,-317.9559618322135,400.0,63,25200,False,3880800,9701,154,774b24d199954f7685399f3f1314ee19,2020-12-01_09-39-16,1606795756,185.5816731452942,29927.205244779587,9587,Rambo,192.168.1.15,29927.205244779587,3880800,154,5,42ffd60e,0,32.05900885793313,3.4827855821167715,1.5754053708807758,3863552,3880800,182400.49,69.705,3507.456,7.944,65.07698113207546,75.3520754716981,0.00937500037252903,4.999999873689376e-05,1776.3119,-0.015378367,1776.3269,-5.473896e-09,0.03602579,6.1726356,0.0
-284.954903656146,-358.7563833052693,-316.2173257967351,400.0,62,25200,False,3906000,9763,155,774b24d199954f7685399f3f1314ee19,2020-12-01_09-42-19,1606795939,182.97750282287598,30110.182747602463,9587,Rambo,192.168.1.15,30110.182747602463,3906000,155,5,42ffd60e,0,32.0486032677806,3.48250303847685,1.5749470692835472,3888640,3906000,181500.683,75.248,3492.04,7.749,65.35632183908046,75.48045977011493,0.00937500037252903,4.999999873689376e-05,1746.1016,-0.01026543,1746.1113,-8.210844e-09,0.043752592,6.1143456,0.0
-285.0775773351117,-354.49293161897185,-317.3659755785691,400.0,65,25200,False,3931200,9828,156,774b24d199954f7685399f3f1314ee19,2020-12-01_09-45-32,1606796132,192.98306918144226,30303.165816783905,9587,Rambo,192.168.1.15,30303.165816783905,3931200,156,5,42ffd60e,0,32.03518182190468,3.4830827087618963,1.5746046472693704,3913728,3931200,182031.284,82.076,3391.27,7.322,68.36618181818181,75.744,0.01406249962747097,4.999999873689376e-05,1811.5038,-0.013604354,1811.5167,-3.649264e-09,0.04380692,6.205083,0.0
-285.0775773351117,-354.49293161897185,-319.37790918449673,400.0,61,25200,False,3956400,9889,157,774b24d199954f7685399f3f1314ee19,2020-12-01_09-48-36,1606796316,183.9303503036499,30487.096167087555,9587,Rambo,192.168.1.15,30487.096167087555,3956400,157,5,42ffd60e,0,32.03118627824705,3.4825796363799806,1.5744980316837822,3938816,3956400,181746.822,83.525,3483.34,7.008,65.21330798479087,75.45779467680607,0.02109375037252903,4.999999873689376e-05,1727.4965,-0.009427199,1727.5048,-1.70299e-08,0.04627473,6.372925,0.0
-285.73109149157614,-373.9192612105188,-318.8199842893408,400.0,65,25200,False,3981600,9954,158,774b24d199954f7685399f3f1314ee19,2020-12-01_09-51-38,1606796498,181.90638875961304,30669.002555847168,9587,Rambo,192.168.1.15,30669.002555847168,3981600,158,5,42ffd60e,0,32.01368369083411,3.4828331816580236,1.573617029408038,3963904,3981600,181339.772,84.691,3452.849,6.992,65.93204633204634,75.64980694980696,0.03164062649011612,4.999999873689376e-05,1815.3708,-0.009215449,1815.3785,-7.906738e-09,0.048687033,5.997392,0.0
-290.4176887979102,-373.9192612105188,-318.2566486146445,400.0,61,25200,False,4006800,10015,159,774b24d199954f7685399f3f1314ee19,2020-12-01_09-54-42,1606796682,183.87527871131897,30852.877834558487,9587,Rambo,192.168.1.15,30852.877834558487,4006800,159,5,42ffd60e,0,32.006194336210356,3.4820532327501312,1.5733478508528724,3988992,4006800,181214.233,83.37,3386.985,6.526,65.65725190839694,75.87557251908397,0.04746093600988388,4.999999873689376e-05,1712.4601,-0.010903001,1712.4691,-8.210844e-09,0.040786684,6.5069313,0.0
-287.0122546437804,-353.18105231663185,-316.48444305961334,400.0,65,25200,False,4032000,10080,160,774b24d199954f7685399f3f1314ee19,2020-12-01_09-57-46,1606796866,183.9699420928955,31036.847776651382,9587,Rambo,192.168.1.15,31036.847776651382,4032000,160,5,42ffd60e,0,31.989198673832355,3.482368999113778,1.572477447587666,4014080,4032000,181091.315,81.33,3421.407,6.548,65.32471482889734,76.08631178707226,0.07119140774011612,4.999999873689376e-05,1813.786,-0.013535102,1813.7972,5.778001e-09,0.034582082,5.963521,0.0
-287.55196690246026,-357.89217044408434,-317.31058688772504,400.0,61,25200,False,4057200,10141,161,774b24d199954f7685399f3f1314ee19,2020-12-01_10-00-50,1606797050,183.76137471199036,31220.609151363373,9587,Rambo,192.168.1.15,31220.609151363373,4057200,161,5,42ffd60e,0,31.9800121383176,3.4818305107862506,1.571904658184405,4039168,4057200,180912.588,79.871,3532.041,5.899,65.34580152671755,76.23244274809161,0.07119140774011612,4.999999873689376e-05,1712.9056,0.0058928723,1712.8906,-6.386212e-09,0.12365453,6.290224,0.0
-287.55196690246026,-357.89217044408434,-316.9947414999003,400.0,65,25200,False,4082400,10206,162,774b24d199954f7685399f3f1314ee19,2020-12-01_10-03-54,1606797234,183.69646763801575,31404.30561900139,9587,Rambo,192.168.1.15,31404.30561900139,4082400,162,5,42ffd60e,0,31.967281303350997,3.4818408506263085,1.571279272633352,4064256,4082400,180859.458,81.156,3562.855,5.574,65.84274809160306,75.90458015267176,0.10678710788488388,4.999999873689376e-05,1806.4233,-0.013105432,1806.4333,-1.0643687e-08,0.030598976,5.8086224,0.0
-283.4312056252483,-356.33665348563113,-315.8878850969921,400.0,61,25200,False,4107600,10267,163,774b24d199954f7685399f3f1314ee19,2020-12-01_10-06-59,1606797419,185.24558925628662,31589.551208257675,9587,Rambo,192.168.1.15,31589.551208257675,4107600,163,5,42ffd60e,0,31.961276499600327,3.481208195158425,1.5709952846412474,4089344,4107600,181059.063,81.585,3633.098,5.25,65.6034090909091,75.49962121212121,0.10678710788488388,4.999999873689376e-05,1712.8326,-0.00957378,1712.8384,-6.386212e-09,0.03675847,6.1672244,0.0
-284.39578382918296,-356.33665348563113,-317.93015138110167,400.0,65,25200,False,4132800,10332,164,774b24d199954f7685399f3f1314ee19,2020-12-01_10-10-05,1606797605,185.5818476676941,31775.13305592537,9587,Rambo,192.168.1.15,31775.13305592537,4132800,164,5,42ffd60e,0,31.948042795721225,3.4812904786075283,1.5703035533842211,4114432,4132800,181095.409,82.682,3596.899,4.81,65.56452830188678,75.72452830188679,0.10678710788488388,4.999999873689376e-05,1793.2229,-0.012746752,1793.2314,2.1287374e-09,0.03869257,5.666124,0.0
-274.93137986206983,-347.72471434453126,-315.77027095109537,400.0,61,25200,False,4158000,10393,165,774b24d199954f7685399f3f1314ee19,2020-12-01_10-13-09,1606797789,184.03660798072815,31959.169663906097,9587,Rambo,192.168.1.15,31959.169663906097,4158000,165,5,42ffd60e,0,31.943888178232452,3.4806624400416295,1.570136914606136,4139520,4158000,181260.752,78.882,3541.088,4.729,65.65209125475285,75.79315589353611,0.10678710788488388,4.999999873689376e-05,1705.9084,-0.014396563,1705.919,-1.5205266e-08,0.03449368,5.957841,0.0
-274.93137986206983,-353.4140991783711,-314.9232687409908,400.0,64,25200,False,4183200,10457,166,774b24d199954f7685399f3f1314ee19,2020-12-01_10-16-14,1606797974,185.7694022655487,32144.939066171646,9587,Rambo,192.168.1.15,32144.939066171646,4183200,166,5,42ffd60e,0,31.929739499897597,3.480848456540895,1.5694289596778317,4164608,4183200,180620.323,71.845,3470.287,5.099,65.78679245283018,75.89169811320755,0.10678710788488388,4.999999873689376e-05,1771.0479,-0.013845254,1771.058,-6.082107e-09,0.03396806,5.5728717,0.0
-287.9822955511126,-353.2799123576616,-317.4218675321484,400.0,63,25200,False,4208400,10520,167,774b24d199954f7685399f3f1314ee19,2020-12-01_10-19-19,1606798159,184.43491983413696,32329.373986005783,9587,Rambo,192.168.1.15,32329.373986005783,4208400,167,5,42ffd60e,0,31.921330184512843,3.4807335246514253,1.569053439123653,4189696,4208400,180769.677,69.338,3373.755,5.353,65.70380228136881,76.11330798479088,0.10678710788488388,4.999999873689376e-05,1745.8438,-0.01236684,1745.8524,-1.0643687e-08,0.034108117,5.6448836,0.0
-285.6840272656113,-353.2799123576616,-315.00939529445134,400.0,63,25200,False,4233600,10583,168,774b24d199954f7685399f3f1314ee19,2020-12-01_10-22-24,1606798344,184.6176474094391,32513.991633415222,9587,Rambo,192.168.1.15,32513.991633415222,4233600,168,5,42ffd60e,0,31.91354574346302,3.4804867431262365,1.5687362776514902,4214784,4233600,181040.915,66.662,3375.389,5.791,65.74410646387831,76.25475285171103,0.10678710788488388,4.999999873689376e-05,1732.6292,-0.011661505,1732.637,-1.1251897e-08,0.036604054,5.53689,0.0
-288.142932443404,-344.74597560247,-314.296980273786,400.0,63,25200,False,4258800,10646,169,774b24d199954f7685399f3f1314ee19,2020-12-01_10-25-28,1606798528,184.46188616752625,32698.45351958275,9587,Rambo,192.168.1.15,32698.45351958275,4258800,169,5,42ffd60e,0,31.903064611638293,3.480586775153372,1.5682342735634678,4239872,4258800,181055.567,66.508,3419.02,6.256,65.72661596958174,76.47224334600759,0.10678710788488388,4.999999873689376e-05,1738.7118,-0.015014561,1738.7225,-1.0339582e-08,0.038538065,5.4643145,0.0
-288.142932443404,-344.74597560247,-314.8724258110985,400.0,63,25200,False,4284000,10709,170,774b24d199954f7685399f3f1314ee19,2020-12-01_10-28-34,1606798714,185.6194326877594,32884.07295227051,9587,Rambo,192.168.1.15,32884.07295227051,4284000,170,5,42ffd60e,0,31.894872816774846,3.4802562351740467,1.5678905728568509,4264960,4284000,181166.531,66.635,3472.945,6.179,65.45169811320754,76.67169811320754,0.10678710788488388,4.999999873689376e-05,1730.8921,-0.011714207,1730.8993,-2.1287374e-09,0.04161255,5.472858,0.0
-279.4269062074639,-348.66065447968674,-315.0921594983385,400.0,63,25200,False,4309200,10772,171,774b24d199954f7685399f3f1314ee19,2020-12-01_10-31-38,1606798898,184.61566925048828,33068.688621520996,9587,Rambo,192.168.1.15,33068.688621520996,4309200,171,5,42ffd60e,0,31.88620148932399,3.480097231246225,1.5676650089606772,4290048,4309200,181302.097,66.441,3423.105,6.132,65.47262357414449,76.8254752851711,0.16018065810203552,4.999999873689376e-05,1739.7693,-0.0137877,1739.7781,-3.0410534e-09,0.031756308,5.386731,0.0
-279.4269062074639,-342.21947561833935,-314.17132951150614,400.0,63,25200,False,4334400,10835,172,774b24d199954f7685399f3f1314ee19,2020-12-01_10-34-43,1606799083,184.98960423469543,33253.67822575569,9587,Rambo,192.168.1.15,33253.67822575569,4334400,172,5,42ffd60e,0,31.876056185081637,3.4799416271199983,1.566991615579332,4315136,4334400,181502.17,63.65,3355.306,6.142,65.70757575757577,77.02083333333333,0.16018065810203552,4.999999873689376e-05,1730.8494,-0.01045738,1730.8533,6.386212e-09,0.039345536,5.353378,0.0
-274.43013878462494,-349.4018876074917,-313.878315143776,400.0,63,25200,False,4359600,10898,173,774b24d199954f7685399f3f1314ee19,2020-12-01_10-37-49,1606799269,185.9484624862671,33439.62668824196,9587,Rambo,192.168.1.15,33439.62668824196,4359600,173,5,42ffd60e,0,31.86967701347613,3.4795785911259065,1.566733319336343,4340224,4359600,181589.132,60.368,3341.462,6.129,65.43308270676691,77.23796992481203,0.16018065810203552,4.999999873689376e-05,1729.4592,-0.012434562,1729.4662,-5.169791e-09,0.03368896,5.3592567,0.0
-284.8447739610771,-354.85834598396406,-315.31513069041097,400.0,63,25200,False,4384800,10961,174,774b24d199954f7685399f3f1314ee19,2020-12-01_10-40-57,1606799457,187.1924431324005,33626.81913137436,9587,Rambo,192.168.1.15,33626.81913137436,4384800,174,5,42ffd60e,0,31.862662167250342,3.479595457546168,1.566574543952487,4365312,4384800,181625.325,57.499,3468.216,6.661,65.36254681647941,77.48501872659176,0.16018065810203552,4.999999873689376e-05,1731.471,-0.012745928,1731.4786,-6.690317e-09,0.03324676,5.3343544,0.0
-280.03324090225203,-350.0329676981106,-313.08970173058714,400.0,63,25200,False,4410000,11024,175,774b24d199954f7685399f3f1314ee19,2020-12-01_10-44-01,1606799641,184.3571126461029,33811.17624402046,9587,Rambo,192.168.1.15,33811.17624402046,4410000,175,5,42ffd60e,0,31.85135904885604,3.4796707437994088,1.5660226135950126,4390400,4410000,181653.102,58.848,3471.227,6.453,65.50152091254753,77.53041825095058,0.16018065810203552,4.999999873689376e-05,1722.8376,-0.013530791,1722.8458,-4.56158e-09,0.034780886,5.223498,0.0
-271.1658947779662,-356.4895186046018,-314.39857750052613,400.0,63,25200,False,4435200,11087,176,774b24d199954f7685399f3f1314ee19,2020-12-01_10-47-07,1606799827,186.19597172737122,33997.37221574783,9587,Rambo,192.168.1.15,33997.37221574783,4435200,176,5,42ffd60e,0,31.84381076808579,3.4795091907847304,1.5655020003385312,4415488,4435200,181533.648,58.548,3632.995,7.012,65.93056603773584,77.58075471698113,0.16018065810203552,4.999999873689376e-05,1718.0029,-0.012386731,1718.0103,-7.298528e-09,0.032016456,5.241774,0.0
-286.2160316561702,-348.61299555079296,-313.9092905065782,400.0,63,25200,False,4460400,11150,177,774b24d199954f7685399f3f1314ee19,2020-12-01_10-50-13,1606800013,185.79637265205383,34183.16858839989,9587,Rambo,192.168.1.15,34183.16858839989,4460400,177,5,42ffd60e,0,31.839329857904403,3.479206381910781,1.565460383324253,4440576,4460400,181555.968,59.027,3745.377,7.062,65.4577358490566,77.84415094339622,0.16018065810203552,4.999999873689376e-05,1723.4426,-0.011197182,1723.4486,-7.906738e-09,0.033013005,5.126188,0.0
-284.8207229268097,-347.4704039425023,-315.4241482727082,400.0,62,25200,False,4485600,11212,178,774b24d199954f7685399f3f1314ee19,2020-12-01_10-53-17,1606800197,183.5309624671936,34366.69955086708,9587,Rambo,192.168.1.15,34366.69955086708,4485600,178,5,42ffd60e,0,31.82758272587678,3.479309875224061,1.564816193677622,4465664,4485600,181516.023,59.683,3675.806,7.058,65.88167938931298,77.99160305343513,0.16018065810203552,4.999999873689376e-05,1691.4615,-0.0123358285,1691.4691,-4.865685e-09,0.0310529,5.411608,0.0
-277.4762925473707,-347.4704039425023,-314.38760041315305,400.0,65,25200,False,4510800,11277,179,774b24d199954f7685399f3f1314ee19,2020-12-01_10-56-23,1606800383,186.22008895874023,34552.91963982582,9587,Rambo,192.168.1.15,34552.91963982582,4510800,179,5,42ffd60e,0,31.821861983091644,3.4791430857940964,1.564553750528612,4490752,4510800,181743.469,60.734,3622.946,6.945,66.30000000000001,78.17180451127821,0.16018065810203552,4.999999873689376e-05,1758.1113,-0.013693305,1758.1193,-1.4597056e-08,0.034982495,4.7401648,0.0
-277.4762925473707,-355.2277680840325,-314.61861129596576,400.0,61,25200,False,4536000,11338,180,774b24d199954f7685399f3f1314ee19,2020-12-01_10-59-30,1606800570,187.57364058494568,34740.49328041077,9587,Rambo,192.168.1.15,34740.49328041077,4536000,180,5,42ffd60e,0,31.818453511662,3.478698072690307,1.5644088064393211,4515840,4536000,182059.13,67.075,3496.066,6.99,65.90786516853933,78.39363295880149,0.16018065810203552,4.999999873689376e-05,1684.389,-0.010107348,1684.3938,-1.0643687e-08,0.034610815,5.356423,0.0
-273.49693519719585,-355.2277680840325,-312.53978729736184,400.0,65,25200,False,4561200,11403,181,774b24d199954f7685399f3f1314ee19,2020-12-01_11-02-38,1606800758,187.93378233909607,34928.42706274986,9587,Rambo,192.168.1.15,34928.42706274986,4561200,181,5,42ffd60e,0,31.812139801923784,3.4786782776721896,1.5640790470634665,4540928,4561200,182294.257,70.226,3589.351,6.969,66.02276119402984,77.69477611940297,0.16018065810203552,4.999999873689376e-05,1763.5121,-0.0034756411,1763.5078,-6.082107e-09,0.04912653,4.430233,0.0
-273.49693519719585,-347.0336427580151,-313.3365444644302,400.0,61,25200,False,4586400,11464,182,774b24d199954f7685399f3f1314ee19,2020-12-01_11-05-48,1606800948,189.46997451782227,35117.897037267685,9587,Rambo,192.168.1.15,35117.897037267685,4586400,182,5,42ffd60e,0,31.81175148946573,3.4781533926294763,1.5640663134707342,4566016,4586400,182646.62,71.657,3682.774,6.993,65.55756457564576,77.47269372693727,0.24027100205421448,4.999999873689376e-05,1663.9429,-0.013279463,1663.95,-1.2772424e-08,0.02555909,4.829092,0.0
-284.3470217851531,-354.12267929916663,-314.07421049048685,400.0,64,25200,False,4611600,11528,183,774b24d199954f7685399f3f1314ee19,2020-12-01_11-08-57,1606801137,188.50579166412354,35306.40282893181,9587,Rambo,192.168.1.15,35306.40282893181,4611600,183,5,42ffd60e,0,31.80478768314062,3.4781596731487094,1.5637112619005293,4591104,4611600,182767.101,76.788,3812.876,7.312,65.78066914498142,77.69293680297399,0.24027100205421448,4.999999873689376e-05,1740.2354,-0.014262302,1740.2417,-2.1287374e-09,0.032846324,4.5343895,0.0
-272.9765027366275,-354.12267929916663,-311.07205663490527,400.0,62,25200,False,4636800,11590,184,774b24d199954f7685399f3f1314ee19,2020-12-01_11-12-03,1606801323,186.07599663734436,35492.47882556915,9587,Rambo,192.168.1.15,35492.47882556915,4636800,184,5,42ffd60e,0,31.79891317512768,3.478367485017779,1.563389650013644,4616192,4636800,182761.665,77.639,3705.975,6.805,66.25811320754717,77.84452830188678,0.24027100205421448,4.999999873689376e-05,1690.2529,-0.012124816,1690.2566,-6.690317e-09,0.035547275,4.4296327,0.0
-272.9765027366275,-348.9122628351852,-312.55226486416285,400.0,65,25200,False,4662000,11655,185,774b24d199954f7685399f3f1314ee19,2020-12-01_11-15-11,1606801511,188.52816534042358,35681.00699090958,9587,Rambo,192.168.1.15,35681.00699090958,4662000,185,5,42ffd60e,0,31.795564374875,3.478364823924536,1.5631995359580326,4641280,4662000,183180.96,79.519,3701.099,7.287,66.24237918215613,78.23531598513011,0.24027100205421448,4.999999873689376e-05,1737.411,-0.016370827,1737.4204,-8.51495e-09,0.029368097,4.1232314,0.0
-276.78377178784467,-351.58248030351444,-313.90240378962557,400.0,61,25200,False,4687200,11716,186,774b24d199954f7685399f3f1314ee19,2020-12-01_11-18-21,1606801701,190.22573232650757,35871.232723236084,9587,Rambo,192.168.1.15,35871.232723236084,4687200,186,5,42ffd60e,0,31.79421948790246,3.4780219882376486,1.5631426730858136,4666368,4687200,183685.951,85.635,3593.929,6.8,65.49963099630996,78.43210332103321,0.24027100205421448,4.999999873689376e-05,1652.4546,-0.007864609,1652.4531,-3.3451586e-09,0.03818592,4.471731,0.0
